name,firm,address,city,county,phone,website
"Elder Law & Estate Planning Attorneys of Illinois, LLC","Elder Law & Estate Planning Attorneys of Illinois, LLC","85 W Algonquin Rd Suite 405, Arlington Heights, IL 60005",Arlington Heights,Cook,+1 847-253-7500,https://jcslaw.com/
The Law Offices of Mario A. Reed P.C.,The Law Offices of Mario A. Reed P.C.,"625 E 170th St Unit 2NW, South Holland, IL 60473",South Holland,Cook,+1 708-808-0814,http://lawofficesofmarioareed.com/
Dominick R. Villa Attorney at Law,Dominick R. Villa Attorney at Law,"9100 Plainfield Rd, Brookfield, IL 60513",Brookfield,Cook,+1 773-455-0181,https://www.drvattorney.com/
Illinois Estate Law,Illinois Estate Law,"4422 N Ravenswood Ave Suite 212, Chicago, IL 60640",Chicago,Cook,+1 312-373-0731,https://www.illinoisestatelaw.com/
"Peck Ritchey, LLC","Peck Ritchey, LLC","321 S Plymouth Ct 6th Fl, Chicago, IL 60604",Chicago,Cook,+1 872-266-7756,https://www.peckritchey.com/%3Futm_source%3Dgmb%26utm_medium%3Dorganic%26utm_campaign%3Dchicago
The Probate Pro,The Probate Pro,"1525 E 53rd St Ste 439, Chicago, IL 60615",Chicago,Cook,+1 833-776-2283,https://theprobatepro.com/
Theresa Clancy Law,Theresa Clancy Law,"801 N Euclid Ave, Oak Park, IL 60302",Oak Park,Cook,+1 708-819-1580,http://theresaclancylaw.com/
Chicago Estate Lawyers,Chicago Estate Lawyers,"33 S LaSalle St, Chicago, IL 60603",Chicago,Cook,+1 312-313-7018,https://chicagoestatelawyer.com/
"Estate and Probate Legal Group, Ltd.","Estate and Probate Legal Group, Ltd.","915 Harger Rd Suite 301, Oak Brook, IL 60523",Oak Brook,DuPage,+1 630-687-9100,https://www.estateandprobatelegalgroup.com/%3Futm_source%3DGBP%26utm_medium%3DGBP%26utm_campaign%3DGBP_Oak%2520Brook%26utm_id%3DGBP_Oak%2520Brook
Sable Law Group LLC,Sable Law Group LLC,"11118 S Kedzie Ave, Chicago, IL 60655",Chicago,Cook,+1 312-469-0622,http://www.sablelawgroup.com/
Illinois Estate Law (Martin Ptasinski Law Office),Illinois Estate Law (Martin Ptasinski Law Office),"8517 Archer Ave, Willow Springs, IL 60480",Willow Springs,Cook,+1 708-467-0000,http://ilestatelaw.com/
Nery Richardson & Konewko LLC,Nery Richardson & Konewko LLC,"4258 W 63rd St, Chicago, IL 60629",Chicago,Cook,+1 773-232-6643,https://www.neryrichardsonlaw.com/
Wilson & Wilson Estate Planning & Elder Law LLC,Wilson & Wilson Estate Planning & Elder Law LLC,"1023 W 55th St #200, La Grange, IL 60525",La Grange,Cook,+1 708-482-7090,https://www.lagrangelaw.com/
Kerlin Walsh Law,Kerlin Walsh Law,"11757 SW Hwy, Palos Heights, IL 60463",Palos Heights,Cook,+1 708-448-5169,http://www.kerlinwalshlaw.com/
"Sexauer Law, P.C.","Sexauer Law, P.C.","100 N LaSalle St Ste 2200, Chicago, IL 60602",Chicago,Cook,+1 312-300-4743,https://www.sexauerlaw.com/
"Bradford Miller Law, P.C.","Bradford Miller Law, P.C.","216 S Jefferson St #601, Chicago, IL 60661",Chicago,Cook,+1 312-238-9298,http://www.bradfordmillerlaw.com/
"Law Office Of James J. Morrone Law, P.C.","Law Office Of James J. Morrone Law, P.C.","12820 S Ridgeland Ave, Palos Heights, IL 60463",Palos Heights,Cook,+1 708-897-2349,http://www.morronegroup.com/
"Marshiano Law Group - Wills, Trusts & Estate Planning Attorney in Chicago, IL","Marshiano Law Group - Wills, Trusts & Estate Planning Attorney in Chicago, IL","1236 W Eddy St Suite #1, Chicago, IL 60657",Chicago,Cook,+1 312-965-1111,https://marshianolawgroup.com/%3Futm_source%3Dgmb%26utm_medium%3Dorganic
Ezzi Law LLC,Ezzi Law LLC,"211 W Wacker Dr Ste. 200B, Chicago, IL 60606",Chicago,Cook,+1 312-469-0363,http://www.ezzilaw.com/
"Ladewig and Basch, P.C.","Ladewig and Basch, P.C.","5600 W 127th St, Crestwood, IL 60418",Crestwood,Cook,+1 708-388-0540,http://ladewiglaw.com/
"The Law Offices of Ozinga, Campbell, Lord & Franco","The Law Offices of Ozinga, Campbell, Lord & Franco","11800 S 75th Ave Suite 102, Palos Heights, IL 60463",Palos Heights,Cook,+1 708-422-6050,https://campbell-lord.com/
Attorney Brian Tierney,Attorney Brian Tierney,"6348 S Central Ave, Chicago, IL 60638",Chicago,Cook,+1 773-788-9500,https://tandtlawfirm.com/about/
"Bott & Associates, Ltd.","Bott & Associates, Ltd.","3701 W Algonquin Rd Suite 1070, Rolling Meadows, IL 60008",Rolling Meadows,Cook,+1 847-818-9084,https://bottestateplanning.com/
The Heartland Law Firm,The Heartland Law Firm,"1545 Waukegan Rd Suite 1-3, Glenview, IL 60025",Glenview,Cook,+1 847-729-3300,http://heartlandlawfirm.com/%3Futm_campaign%3Dgmb
The Law Offices of Theodore London & Associates,The Law Offices of Theodore London & Associates,"1718 E 87th St, Chicago, IL 60617",Chicago,Cook,+1 773-721-3333,https://www.tedlondon.org/
"Pestinger Law, LLC - Estate Planning Law & Trusts Attorney","Pestinger Law, LLC - Estate Planning Law & Trusts Attorney","1124 Florence Ave, Evanston, IL 60202",Evanston,Cook,+1 847-884-8400,https://www.pestingerlaw.com/
Gurney Law Group,Gurney Law Group,"150 S Wacker Dr #2400, Chicago, IL 60606",Chicago,Cook,+1 312-929-0974,https://gurneylawgroup.com/
"Christine R Piesiecki, Attorney At Law","Christine R Piesiecki, Attorney At Law","9800 S Roberts Rd, Palos Hills, IL 60465",Palos Hills,Cook,+1 708-233-6833,http://www.polskadwokat.com/
Wolff Legal,Wolff Legal,"900 W Jackson Blvd #5E, Chicago, IL 60607",Chicago,Cook,+1 312-733-3319,https://www.wolff-legal.com/
John Farrell Attorney at Law,John Farrell Attorney at Law,"10610 S Cicero Ave, Oak Lawn, IL 60453",Oak Lawn,Cook,+1 708-499-0998,https://johnfarrellattorney.com/
Mazek Law Group,Mazek Law Group,"3805 N Lincoln Ave, Chicago, IL 60613",Chicago,Cook,+1 773-800-0141,https://www.mazeklaw.com/contact-us
"Dutton Casey & Mesoloras, PC","Dutton Casey & Mesoloras, PC","17 N State St Suite 890, Chicago, IL 60602",Chicago,Cook,+1 312-899-0950,http://www.duttonelderlaw.com/
"Otte & Czajkowska, LLC","Otte & Czajkowska, LLC","6035 N Northwest Hwy #201, Chicago, IL 60631",Chicago,Cook,+1 773-631-7100,https://www.oclawyergroup.com/%3Futm_source%3Dgoogle%26utm_medium%3DChicago_gmb%26utm_campaign%3Dgmb_website_button
"Robert L. Kealy, Attorney & Counselor","Robert L. Kealy, Attorney & Counselor","2700 Patriot Blvd #250, Glenview, IL 60026",Glenview,Cook,+1 847-494-4433,http://kealylaw.com/
"Fournier Law Firm, Ltd.","Fournier Law Firm, Ltd.","2001 Midwest Rd #206, Oak Brook, IL 60523",Oak Brook,DuPage,+1 630-792-1000,https://www.fournierlawfirmltd.com/
Garces Law,Garces Law,"579 N 1st Bank Dr #240, Palatine, IL 60067",Palatine,Cook,+1 773-373-9592,http://www.garceslawfirm.com/
Ross Law Firm Ltd.,Ross Law Firm Ltd.,"1622 W Colonial Pkwy #201, Palatine, IL 60067",Palatine,Cook,+1 847-358-5757,https://robertjross.com/
"Law Office of Michael T. Huguelet, P.C.","Law Office of Michael T. Huguelet, P.C.","10723 W 159th St, Orland Park, IL 60467",Orland Park,Cook,+1 708-364-7280,http://hugueletlaw.com/
Zarzecki M Charles,Zarzecki M Charles,"7480 W College Dr #101, Palos Heights, IL 60463",Palos Heights,Cook,+1 708-361-7766,https://www.zarzeckilaw.com/
"Edelson Law, LLC","Edelson Law, LLC","8401 Crawford Ave #104, Skokie, IL 60076",Skokie,Cook,+1 847-410-9131,https://edelsonlawllc.com/
Tannehill Law LLC,Tannehill Law LLC,"17 E Monroe St Ste 230, Chicago, IL 60603",Chicago,Cook,+1 312-965-8204,http://www.tannehilllaw.com/
Katrina Cox Law LLC,Katrina Cox Law LLC,"8200 185th St h17, Tinley Park, IL 60487",Tinley Park,Cook,+1 708-942-5261,http://katrinacoxlaw.com/
"The Law Office of Dionna Reynolds, LLC","The Law Office of Dionna Reynolds, LLC","10730 W 143rd St Suite 34, Orland Park, IL 60462",Orland Park,Cook,+1 833-878-7837,http://www.attyreynolds.com/
"Reda & Des Jardins, LLC - Law Firm","Reda & Des Jardins, LLC - Law Firm","736 N Western Ave Suite 353, Lake Forest, IL 60045",Lake Forest,Lake,+1 877-809-4567,http://www.rdlawyers.com/
"Law Office of Lisa L. Glenn, LLC","Law Office of Lisa L. Glenn, LLC","600 Holiday Plaza Dr Ste 188, Matteson, IL 60443",Matteson,Cook,+1 708-833-8406,https://lglennlaw.com/
Tuohy Law Offices,Tuohy Law Offices,"17W220 W 22nd St Suite 510, Oakbrook Terrace, IL 60181",Oakbrook Terrace,DuPage,+1 312-559-8400,https://tuohylawoffices.com/
North Shore Estate Planning,North Shore Estate Planning,"1849 Green Bay Rd Ste. 109A, Highland Park, IL 60035",Highland Park,Lake,+1 847-860-6708,https://www.northshore-ep.com/%3Fnpcmp%3Ddir:local:5250190:60035
Magnolia Law LLC,Magnolia Law LLC,"2860 S River Rd Ste 220, Des Plaines, IL 60018",Des Plaines,Cook,,http://www.magnolialawllc.com/
Gilbert Law Group,Gilbert Law Group,"181 W Madison St Suite 4700, Chicago, IL 60602",Chicago,Cook,+1 312-847-5313,http://www.gilbertlg.com/
Schottler & Associates,Schottler & Associates,"7222 Cermak Rd Ste 701, Riverside, IL 60546",Riverside,Cook,+1 708-442-5599,http://www.schottlerlaw.com/
"Dynasty Law, LLC","Dynasty Law, LLC","875 Michigan Ave 31st Floor, Chicago, IL 60611",Chicago,Cook,+1 312-248-4304,https://www.dynastyfirm.com/
NTegrity Law,NTegrity Law,"3601 Algonquin Rd Suite 860, Rolling Meadows, IL 60008",Rolling Meadows,Cook,+1 847-737-1800,https://www.ntegritylaw.com/
Hawbecker & Garver LLC,Hawbecker & Garver LLC,"26 Blaine St, Hinsdale, IL 60521",Hinsdale,DuPage,+1 630-789-6833,https://www.hglegal.com/
Law Office of Mayra Prado-Pagan,Law Office of Mayra Prado-Pagan,"505 N Riverside Dr Ste 202, Gurnee, IL 60031",Gurnee,Lake,+1 847-707-3236,https://mpplawyer.com/
Sebastian Kos Law Office,Sebastian Kos Law Office,"119 S Vine St, Hinsdale, IL 60521",Hinsdale,DuPage,+1 630-709-1148,https://www.skoslaw.com/
"Windy City Legal, LLC","Windy City Legal, LLC","150 S Wacker Dr #2400, Chicago, IL 60606",Chicago,Cook,+1 312-278-1187,https://www.windycitylegal.com/
Probate Stoppers,Probate Stoppers,"6239 Park Ave, Morton Grove, IL 60053",Morton Grove,Cook,+1 312-899-6111,https://www.probatestoppers.com/
"Evans Legacy Law Group, LLC","Evans Legacy Law Group, LLC","100 Saunders Rd Suite 150, Lake Forest, IL 60045",Lake Forest,Lake,+1 872-228-1572,https://www.evanslegacylaw.com/
"Ryan Law Group, Ltd.","Ryan Law Group, Ltd.","2661 N Lincoln Ave, Chicago, IL 60614",Chicago,Cook,+1 630-330-4017,http://dsryanlaw.com/
The Law Office of Nicole M Soltanzadeh LLC,The Law Office of Nicole M Soltanzadeh LLC,"20 N Clark St Suite 3300, Chicago, IL 60602",Chicago,Cook,+1 773-917-4466,http://www.soltanzadehlaw.com/
Law Office of Farrell & Farrell,Law Office of Farrell & Farrell,"4550 103rd St #202, Oak Lawn, IL 60453",Oak Lawn,Cook,+1 708-448-2500,http://www.farrellduhig.com/
Robert J Huguelet Jr PC,Robert J Huguelet Jr PC,"10749 Winterset Dr, Orland Park, IL 60467",Orland Park,Cook,+1 708-226-9500,http://rjhugueletlaw.com/
"Kumor Law, LLC","Kumor Law, LLC","7642 W Belmont Ave, Chicago, IL 60634",Chicago,Cook,+1 773-625-2200,http://www.kumorlawllc.com/
Whitacre & Stefanczuk LTD.,Whitacre & Stefanczuk LTD.,"900 Jorie Blvd Suite 200, Oak Brook, IL 60523",Oak Brook,DuPage,+1 773-622-6100,https://www.wshlaw.net/%3Futm_source%3Dgoogle%26utm_medium%3DOak_Brook_gmb%26utm_campaign%3Dgmb_website_button
The Law Office Of Margaret Szymansky,The Law Office Of Margaret Szymansky,"444 N Northwest Hwy #210, Park Ridge, IL 60068",Park Ridge,Cook,+1 847-696-9110,http://margaretszymanskylaw.com/
Peoples Advocate Group P.C.,Peoples Advocate Group P.C.,"336 Lathrop Ave #101, Forest Park, IL 60130",Forest Park,Cook,+1 800-595-8515,https://pagillinois.com/
Ranjha Law Group,Ranjha Law Group,"903 Commerce Dr Suite 210, Oak Brook, IL 60523",Oak Brook,DuPage,+1 331-233-1774,https://www.ranjhalaw.com/
Evermore Law Group (formerly Law Office of Meghan Stokes LLC),Evermore Law Group (formerly Law Office of Meghan Stokes LLC),"4849 N Milwaukee Ave Suite 700, Chicago, IL 60630",Chicago,Cook,+1 312-890-9581,https://evermorelawgroup.com/
"Law Office of Constantine G. Tzamouranis, PC","Law Office of Constantine G. Tzamouranis, PC","9 IL-19, Roselle, IL 60172",Roselle,DuPage,+1 630-539-0900,http://cgtlawfirm.com/
Zivkovich Law Offices LLC,Zivkovich Law Offices LLC,"8130 N Milwaukee Ave, Niles, IL 60714",Niles,Cook,+1 708-833-7755,http://www.serblaw.com/
Law Offices of Stephen Sutera,Law Offices of Stephen Sutera,"4927 95th St, Oak Lawn, IL 60453",Oak Lawn,Cook,+1 708-857-7255,http://www.suteralaw.com/
"Floss Law, LLC","Floss Law, LLC","1200 Shermer Rd #206, Northbrook, IL 60062",Northbrook,Cook,+1 224-326-2903,http://flosslaw.com/
"Sutton Law, LLC","Sutton Law, LLC","333 S Wabash Ave UNIT 2700, Chicago, IL 60604",Chicago,Cook,+1 773-340-2678,http://www.suttonlegalgroup.com/
Chie Law,Chie Law,"2454 E Dempster St #310, Des Plaines, IL 60016",Des Plaines,Cook,+1 847-257-0411,http://chielaw.com/
Cook County Probate Division,Cook County Probate Division,"50 W Washington St # 1202, Chicago, IL 60602",Chicago,Cook,+1 312-603-6441,https://www.cookcountycourt.org/division/probate-division
"Younis Law Group, P.C.","Younis Law Group, P.C.","7110 W 127th St Suite #240, Palos Heights, IL 60463",Palos Heights,Cook,+1 847-423-6312,http://www.younislawgroup.com/%3Futm_campaign%3Dgmb
"Bielski Chapman, Ltd.","Bielski Chapman, Ltd.","123 N Wacker Dr #2300, Chicago, IL 60606",Chicago,Cook,+1 312-583-9430,https://bc-lawyers.com/
"Kravets Law Group, P.C.","Kravets Law Group, P.C.","211 W Wacker Dr STE 300, Chicago, IL 60606",Chicago,Cook,+1 312-548-6226,https://www.kravetslawgroup.com/
"Palos Elder Law, Ltd.","Palos Elder Law, Ltd.","6446 W 127th St #201, Palos Heights, IL 60463",Palos Heights,Cook,+1 708-371-9500,http://www.paloselderlaw.com/
Erwin Law LLC,Erwin Law LLC,"4043 N Ravenswood Ave # 208, Chicago, IL 60613",Chicago,Cook,+1 773-525-0153,http://www.erwinlawfirm.com/
"Pucher & Ranucci, P.C.","Pucher & Ranucci, P.C.","14496 John Humphrey Dr, Orland Park, IL 60462",Orland Park,Cook,+1 815-782-3799,http://pucherranucci.com/
Capraro Law,Capraro Law,"1010 Lake St #501a, Oak Park, IL 60301",Oak Park,Cook,+1 708-383-6551,https://www.stewart-caprarolaw.com/
Iversen Law,Iversen Law,"119 S Emerson St #262, Mt Prospect, IL 60056",Mt Prospect,Cook,+1 312-377-0068,http://www.iversenchicagolaw.com/
"Mohammed, Shamaileh & Tabahi, LLC","Mohammed, Shamaileh & Tabahi, LLC","2040 N Harlem Ave Suite 103, Elmwood Park, IL 60707",Elmwood Park,Cook,+1 847-916-7800,https://www.mstlawfirm.com/
The Law Office of Kate Curler,The Law Office of Kate Curler,"323 E Wacker Dr #238, Chicago, IL 60601",Chicago,Cook,+1 312-952-1077,http://www.curlerlaw.com/
Salerno Law Group,Salerno Law Group,"22 Calendar Ave STE D, La Grange, IL 60525",La Grange,Cook,+1 708-588-2080,https://www.salernolawgroup.com/
Alexander | Grossman Attorneys at Law,Alexander | Grossman Attorneys at Law,"9150 N Crawford Ave Suite 106, Skokie, IL 60076",Skokie,Cook,+1 312-346-8822,https://www.alexandergrossman.com/%3Futm_source%3Dgoogle-local%26utm_medium%3Dorganic%26utm_campaign%3D3910
Vantage Group Legal Services,Vantage Group Legal Services,"205 N Michigan Ave Suit 810, Chicago, IL 60601",Chicago,Cook,+1 773-232-3388,https://vantagegl.com/%3Futm_source%3Dgoogle%26utm_medium%3Dgmb%26utm_campaign%3Dgmb
KazdaLaw,KazdaLaw,"4544 W 103rd St #102, Oak Lawn, IL 60453",Oak Lawn,Cook,+1 708-448-5000,http://www.kazdalaw.com/
John Belconis,John Belconis,"350 S NW Hwy suite 300, Park Ridge, IL 60068",Park Ridge,Cook,+1 847-430-3652,https://www.belconiselderlaw.com/
Frank E. Stepnowski,Frank E. Stepnowski,"1515 N Harlem Ave Ste. #205-2, Oak Park, IL 60302",Oak Park,Cook,+1 708-848-3662,https://www.stepnowskilaw.com/
Harrison LLP,Harrison LLP,"333 W Wacker Dr Ste 1700, Chicago, IL 60606",Chicago,Cook,+1 312-332-1111,https://harrisonllp.com/
Hortsman & Campanelli,Hortsman & Campanelli,"9760 S Roberts Rd # 1, Palos Hills, IL 60465",Palos Hills,Cook,+1 708-598-8540,http://www.hortsman.com/
"The Sherrod Law Firm, Ltd.","The Sherrod Law Firm, Ltd.","205 N Michigan Ave Suite 810, Chicago, IL 60601",Chicago,Cook,+1 312-321-6910,https://sherrodlawfirm.com/%3Futm_source%3Dgoogle%26utm_medium%3DChicago_GMB%26utm_campaign%3DGMB_Website_Button%26y_source%3D1_Njc1MjI0MzItNzE1LWxvY2F0aW9uLndlYnNpdGU%253D
"Toscas Law Group, LLC.","Toscas Law Group, LLC.","12616 S Harlem Ave, Palos Heights, IL 60463",Palos Heights,Cook,+1 708-448-0200,https://toscaslaw.com/
"Law Office of Jenny Cruz Pedroza, LLC","Law Office of Jenny Cruz Pedroza, LLC","3613 W 95th St, Evergreen Park, IL 60805",Evergreen Park,Cook,+1 773-599-4020,https://jcplawil.com/
Donald Kiolbassa Attorney At Law,Donald Kiolbassa Attorney At Law,"203 N La Salle Dr #2100, Chicago, IL 60601",Chicago,Cook,+1 773-744-9567,http://www.chicagorealestateatty.com/
"Estate & Business Law Group, PC","Estate & Business Law Group, PC","700 Florsheim Dr # 11, Libertyville, IL 60048",Libertyville,Lake,+1 847-367-4460,http://www.eblawgroup.com/
Kyra S. G. Payne,Kyra S. G. Payne,"10258 S Western Ave Suite 202, Chicago, IL 60643",Chicago,Cook,+1 773-238-6037,https://www.estateplanninglawyerchicago.net/
Bell Advocate LLC,Bell Advocate LLC,"9987 S Throop St, Chicago, IL 60643",Chicago,Cook,+1 773-234-2052,https://www.belladvocate.com/
O'Flaherty Law,O'Flaherty Law,"155 N Wacker Dr Ste 4250 Unit 30, Chicago, IL 60606",Chicago,Cook,+1 872-228-2324,https://www.oflaherty-law.com/locations/chicago
"Law Offices of Douglas Belofsky, P.C.","Law Offices of Douglas Belofsky, P.C.","707 Skokie Blvd # 600, Northbrook, IL 60062",Northbrook,Cook,+1 847-464-9303,https://www.belofsky.com/
Koczwara Christopher,Koczwara Christopher,"5838 S Archer Ave, Chicago, IL 60638",Chicago,Cook,+1 773-767-5422,http://www.koczwaralaw.com/
"Paul C.Sheils, Attorney at Law","Paul C.Sheils, Attorney at Law","14 Shadow Creek Cir, Palos Heights, IL 60463",Palos Heights,Cook,+1 708-415-5899,https://www.paulsheils.com/
"Wendy Calvert Law Offices, P.C.","Wendy Calvert Law Offices, P.C.","1016 W Jackson Blvd, Chicago, IL 60607",Chicago,Cook,,https://www.wcalvertlaw.com/
Ronald J. Hurley Attorney,Ronald J. Hurley Attorney,"10022 S Western Ave, Chicago, IL 60643",Chicago,Cook,+1 773-779-9000,http://ronaldjhurleylawoffice.com/
The Estate Planning Law Group,The Estate Planning Law Group,"1776 S Naperville Rd # 105-A, Wheaton, IL 60189",Wheaton,DuPage,+1 630-871-8778,http://www.teplg.com/
Maksimovich & Associates P.C. Attorneys at Law,Maksimovich & Associates P.C. Attorneys at Law,"8643 Ogden Ave, Lyons, IL 60534",Lyons,Cook,+1 708-447-1040,https://www.maksimovichlaw.com/
"Law Offices of Thomas W. Lynch, P.C.","Law Offices of Thomas W. Lynch, P.C.","9231 S Roberts Rd, Hickory Hills, IL 60457",Hickory Hills,Cook,+1 708-598-5999,http://www.thomaswlynchpc.com/
Di Giacomo & Somers L.L.C.,Di Giacomo & Somers L.L.C.,"1 Northfield Plaza Suite 300, Northfield, IL 60093",Northfield,Cook,+1 847-784-8900,https://www.digiacomo-somers.com/
Law Office of Michael A. Perez,Law Office of Michael A. Perez,"1011 N California Ave, Chicago, IL 60622",Chicago,Cook,+1 773-772-8989,https://www.lomap.com/
"Joseph J. Walczak, P.C.","Joseph J. Walczak, P.C.","12628 S Harlem Ave, Palos Heights, IL 60463",Palos Heights,Cook,+1 708-361-3390,https://josephwalczak.com/
Hewitt & Wagner Attorneys at Law,Hewitt & Wagner Attorneys at Law,"1124 Lincoln Hwy, Rochelle, IL 61068",Rochelle,Other Illinois,+1 815-562-2704,http://hewitt-wagner.com/
McCabe & McCabe LTD,McCabe & McCabe LTD,"8827 Ogden Ave, Brookfield, IL 60513",Brookfield,Cook,+1 708-485-7500,https://mccabelegal.net/
"The Law Office of Doug Nelson, P.C.","The Law Office of Doug Nelson, P.C.","180 N LaSalle St, Chicago, IL 60601",Chicago,Cook,+1 312-239-1390,http://www.dougnelsonlaw.com/
Law Offices Of Douglas Conover LLC,Law Offices Of Douglas Conover LLC,"1901 S Calumet Ave UNIT 1406, Chicago, IL 60616",Chicago,Cook,+1 312-928-9389,https://dclawchicago.com/
"Peter S. Cleary, Esq.","Peter S. Cleary, Esq.","6965 W 111th St, Worth, IL 60482",Worth,Cook,+1 708-361-6900,http://www.clearyandassociates.com/
"Lawrence Kamin, LLC","Lawrence Kamin, LLC","300 S Wacker Dr #500, Chicago, IL 60606",Chicago,Cook,+1 312-372-1947,http://www.lawrencekaminlaw.com/
Tarick Loutfi Attorney at Law,Tarick Loutfi Attorney at Law,"230 W Monroe St Suite 1010, Chicago, IL 60606",Chicago,Cook,+1 312-551-1105,https://www.loutfilaw.com/
"Soffietti, Johnson, Teegen, Argueta, Bawcum & Barone","Soffietti, Johnson, Teegen, Argueta, Bawcum & Barone","74 Grand Ave, Fox Lake, IL 60020",Fox Lake,Lake,+1 847-978-4495,https://www.sjtpolaw.com/%3Fnpcmp%3Ddir:local:2105111:60020
McMillan Holmes LLC,McMillan Holmes LLC,"1340 W 99th St, Chicago, IL 60643",Chicago,Cook,+1 773-340-8003,http://www.mcmillanholmes.com/
"Vincent F Giuliano, PC","Vincent F Giuliano, PC","7222 Cermak Rd Ste 701, North Riverside, IL 60546",North Riverside,Cook,+1 708-316-1332,https://www.giulianolaw.net/
FMS Law Group LLC,FMS Law Group LLC,"200 W Monroe St, Chicago, IL 60606",Chicago,Cook,+1 312-332-6381,http://www.fmslawgroup.com/contact/
Law Office of Lawrence G Leibforth,Law Office of Lawrence G Leibforth,"4001 W 95th St #200, Oak Lawn, IL 60453",Oak Lawn,Cook,+1 708-499-6300,https://www.leibforthlaw.com/
"The Michael Law Group, P.C.","The Michael Law Group, P.C.","311 S Wacker Dr # 1590, Chicago, IL 60606",Chicago,Cook,+1 312-900-0150,https://themichaellawgroup.com/
Martinez Law LLC,Martinez Law LLC,"5310 S Archer Ave, Chicago, IL 60632",Chicago,Cook,+1 312-312-5434,https://www.martinezlawllc.net/
"Gillespie Law Group, LLC","Gillespie Law Group, LLC","6 E Monroe St APT 1004, Chicago, IL 60603",Chicago,Cook,+1 312-332-6339,https://illinoisadoptionlawyer.com/
Goldin Hill & Associates,Goldin Hill & Associates,"9100 Plainfield Rd, Brookfield, IL 60513",Brookfield,Cook,+1 708-485-8300,http://www.goldinhill.com/
Tillman and Tillman and Associates,Tillman and Tillman and Associates,"11212 S Western Ave Ste 1, Chicago, IL 60643",Chicago,Cook,+1 773-881-4000,http://www.evergreenlegalservices.com/
The Law Office of Erika L. Finley,The Law Office of Erika L. Finley,"1510 E 55th St #15472, Chicago, IL 60615",Chicago,Cook,+1 708-527-8052,http://www.efinleylaw.com/
"Loncar Law, Ltd.","Loncar Law, Ltd.","3501 E 106th St #206, Chicago, IL 60617",Chicago,Cook,+1 773-734-5040,http://loncarlaw.com/
Deranian Law Group LLC,Deranian Law Group LLC,"1448 E 52nd St #268, Chicago, IL 60615",Chicago,Cook,+1 773-888-9408,https://deranianlaw.com/
"The Law Offices of Bradley H. Foreman, P.C.","The Law Offices of Bradley H. Foreman, P.C.","900 W Jackson Blvd #7E, Chicago, IL 60607",Chicago,Cook,+1 312-948-8126,http://foremanlawoffice.com/
Koch & Associates P.C. Attorneys At Law,Koch & Associates P.C. Attorneys At Law,"5947 W 35th St, Cicero, IL 60804",Cicero,Cook,+1 708-656-9900,https://dkoffices.com/
Tiesenga & DeBoer LLP,Tiesenga & DeBoer LLP,"1200 Harger Rd Suite 830, Oak Brook, IL 60523",Oak Brook,DuPage,+1 630-645-9881,https://www.oakbrook-law.com/%3Futm_source%3DGMB%26utm_medium%3DOak%2BBrook%26utm_campaign%3Dgmb
The Barclay Law Group,The Barclay Law Group,"3525 S King Dr, Chicago, IL 60653",Chicago,Cook,+1 312-553-0123,http://barclaylawgroup.com/
"Johnston, Tomei & Goldberg LLC","Johnston, Tomei & Goldberg LLC","350 N Milwaukee Ave Ste 202, Libertyville, IL 60048",Libertyville,Lake,+1 847-549-0600,https://www.lawjtlg.com/
Law Office Of Judy K. Maldonado,Law Office Of Judy K. Maldonado,"1800 Nations Dr Ste 218, Gurnee, IL 60031",Gurnee,Lake,+1 847-379-7300,http://www.jkmlaw.com/
"Advocate Law, LLC","Advocate Law, LLC","1862 E Belvidere Rd Ste. 211, Grayslake, IL 60030",Grayslake,Lake,+1 224-372-0110,http://www.advocatelawllc.com/
"LoMonaco Law, LLC","LoMonaco Law, LLC","3 W Hawthorn Pkwy Ste 180, Vernon Hills, IL 60061",Vernon Hills,Lake,+1 847-247-8300,http://www.lomonacolaw.com/
Business and Estate Planning Lawyers - Lexern Law Group,Business and Estate Planning Lawyers - Lexern Law Group,"1580 S Milwaukee Ave Ste 507, Libertyville, IL 60048",Libertyville,Lake,+1 847-777-6838,http://lexern.com/
Martin & Mennecke,Martin & Mennecke,"4212 Old Grand Ave, Gurnee, IL 60031",Gurnee,Lake,+1 847-244-4450,http://martinmennecke.com/
SG Law,SG Law,"175 Olde Half Day Rd Suite 100-12, Lincolnshire, IL 60069",Lincolnshire,Lake,+1 224-595-9832,https://sgurulaw.com/
Barbara J. Swanson Law,Barbara J. Swanson Law,"4473 Old Grand Ave, Gurnee, IL 60031",Gurnee,Lake,+1 847-244-8545,http://www.bswansonlaw.com/
"Kaiser, Shepherd & Nakon, P.C.","Kaiser, Shepherd & Nakon, P.C.","121 E Liberty St Ste 3, Wauconda, IL 60084",Wauconda,Lake,+1 847-526-0626,http://ksnfirm.com/
The David Frank Law Group,The David Frank Law Group,"3400 Dundee Rd Suite 320, Northbrook, IL 60062",Northbrook,Cook,+1 773-255-6499,https://www.thedavidfranklawgroup.com/
"Menges, Attorney At Law, P.C.","Menges, Attorney At Law, P.C.","26460 N Main St #100, Wauconda, IL 60084",Wauconda,Lake,+1 847-865-5879,https://www.mengesattorney.com/
Law Offices of Marlon T Suskin,Law Offices of Marlon T Suskin,"1580 S Milwaukee Ave Ste 207, Libertyville, IL 60048",Libertyville,Lake,+1 847-680-1902,https://www.attorneysuskin.net/
The Virtual Attorney,The Virtual Attorney,"18816 N Woodale Trail, Lake Villa, IL 60046",Lake Villa,Lake,+1 414-982-5295,https://www.thevirtualattorney.com/
"Diamond Legal, Lake Zurich IL","Diamond Legal, Lake Zurich IL","41 E Main St Ste 110, Lake Zurich, IL 60047",Lake Zurich,Lake,+1 815-269-5657,https://dlfirm.com/diamond-legal-lake-zurich/
Diamond Estate Planning Law,Diamond Estate Planning Law,"3431 W Elm St Suite C, McHenry, IL 60050",McHenry,McHenry,+1 779-903-4949,https://diamondestateplanninglaw.com/
"Robert J. Kolasa, Ltd.","Robert J. Kolasa, Ltd.","950 N Western Ave Suite 210, Lake Forest, IL 60045",Lake Forest,Lake,+1 847-234-6262,https://www.kolasalaw.com/
"The Law Offices of Stacy Stusowski, PC","The Law Offices of Stacy Stusowski, PC","380 Terra Cotta Rd Suite C, Crystal Lake, IL 60012",Crystal Lake,McHenry,+1 815-893-0043,http://trustsmslaw.com/
"Diambri & Vicari, P.C.","Diambri & Vicari, P.C.","530 N Milwaukee Ave, Libertyville, IL 60048",Libertyville,Lake,+1 847-367-9292,http://www.dvlaw.us/
"Law Office of Andrew Szocka, P.C.","Law Office of Andrew Szocka, P.C.","799 E Terra Cotta Ave, Crystal Lake, IL 60014",Crystal Lake,McHenry,+1 815-455-8430,https://www.szocka.com/
"Lesser Lutrey Pasquesi & Howe, LLP","Lesser Lutrey Pasquesi & Howe, LLP","191 E Deerpath Rd Ste 300, Lake Forest, IL 60045",Lake Forest,Lake,+1 847-235-6745,https://www.llphlegal.com/%3Fnpcmp%3Ddir:local:2309262:60045
Daniel E Levy Ltd,Daniel E Levy Ltd,"100 Saunders Rd Suite 150, Lake Forest, IL 60045",Lake Forest,Lake,+1 847-808-0222,http://www.danielelevy.com/
Pierson & Strachan P.C.,Pierson & Strachan P.C.,"33 N Waukegan Rd Ste 105, Lake Bluff, IL 60044",Lake Bluff,Lake,+1 847-234-0099,http://www.piersonstrachan.com/
McKenna Law PC,McKenna Law PC,"30 N Williams St Suite B, Crystal Lake, IL 60014",Crystal Lake,McHenry,+1 815-306-4500,https://www.mckennalaw.com/%3Futm_source%3Dgmb%26utm_medium%3Dorganic%26utm_content%3Dlisting%26utm_campaign%3Dlocal
"Law Offices of Laura D. Frye, Ltd.","Law Offices of Laura D. Frye, Ltd.","6615 Grand Ave #114, Gurnee, IL 60031",Gurnee,Lake,+1 847-473-6075,https://www.lauradfryelaw.com/
Merit Law Group,Merit Law Group,"345 Park Ave Ste 7, Antioch, IL 60002",Antioch,Lake,+1 847-395-6633,http://www.meritlawgroup.com/
"Dickson Law Group, LLC","Dickson Law Group, LLC","5415 Bull Valley Rd, McHenry, IL 60050",McHenry,McHenry,+1 815-317-5193,https://dicksonlawgroup.com/
"Buckley Fine, LLC","Buckley Fine, LLC","201 S Grove Ave 4th Floor, Barrington, IL 60010",Barrington,Cook,+1 847-381-0011,https://www.buckleyfinelaw.com/
Patricia C. Kraft Attorney at Law,Patricia C. Kraft Attorney at Law,"380 Terra Cotta Rd, Crystal Lake, IL 60012",Crystal Lake,McHenry,+1 815-893-0043,http://www.trustsklaw.com/
Law Office of Amy Handler Kasallis,Law Office of Amy Handler Kasallis,"100 Saunders Rd Suite 150, Lake Forest, IL 60045",Lake Forest,Lake,+1 773-370-1856,https://www.kasallislaw.com/
"Zanck, Coen, Wright & Saladin, P.C.","Zanck, Coen, Wright & Saladin, P.C.","40 Brink St # 101, Crystal Lake, IL 60014",Crystal Lake,McHenry,+1 815-459-8800,http://www.zcwlaw.com/
"Fearless Legal Services, PLLC","Fearless Legal Services, PLLC","301 Greenview Dr, Crystal Lake, IL 60014",Crystal Lake,McHenry,+1 773-818-9054,http://www.fearlesslegalservices.com/
Jerrold A. Lazar & Associates,Jerrold A. Lazar & Associates,"611 S Milwaukee Ave Ste 12, Libertyville, IL 60048",Libertyville,Lake,+1 847-337-4476,http://jerroldlazarlaw.com/
Heggie Law Firm LLC,Heggie Law Firm LLC,"245 Waukegan Rd Suite 100, Northfield, IL 60093",Northfield,Cook,+1 847-272-7360,https://www.heggielaw.com/
"Peck Ritchey, LLC","Peck Ritchey, LLC","707 Skokie Blvd # 600, Northbrook, IL 60062",Northbrook,Cook,+1 224-490-2332,https://www.peckritchey.com/northbrook/%3Futm_source%3Dgmb%26utm_medium%3Dorganic%26utm_campaign%3Dnorthbrook
"Magee Hartman, P.C.","Magee Hartman, P.C.","444 N Cedar Lake Rd, Round Lake, IL 60073",Round Lake,Lake,+1 847-546-0055,http://www.mageehartman.com/
"Emerson Law Firm, LLC","Emerson Law Firm, LLC","715 Lake St #420, Oak Park, IL 60301",Oak Park,Cook,+1 708-660-9190,http://www.emersonlawfirm.com/
Carroll & Carroll Attorneys At Law,Carroll & Carroll Attorneys At Law,"1400 N Seminary Ave Unit J, Woodstock, IL 60098",Woodstock,McHenry,+1 815-337-4259,https://www.peterfcarroll.com/
Law Office of Scott W. Brammer,Law Office of Scott W. Brammer,"5447 Bull Valley Rd, McHenry, IL 60050",McHenry,McHenry,+1 815-344-4040,https://www.scottbrammerlaw.com/%3Fnpcmp%3Ddir:local:5218097:60050
Lewis & Levinson,Lewis & Levinson,"10329 N Main St, Richmond, IL 60071",Richmond,McHenry,+1 815-678-7600,https://lewislevinsonlaw.com/
Raymond J. Kloss,Raymond J. Kloss,"505 E Hawley St Ste 130, Mundelein, IL 60060",Mundelein,Lake,+1 847-837-2200,http://www.kloss-law.com/
Amenity Legal,Amenity Legal,"163 N Greenleaf St Ste 2, Gurnee, IL 60031",Gurnee,Lake,+1 847-278-2420,https://amenitylegal.com/
"Rivkin, Rivkin, & Kaplan, LLC","Rivkin, Rivkin, & Kaplan, LLC","475 Half Day Rd Ste 100, Lincolnshire, IL 60069",Lincolnshire,Lake,+1 847-793-2484,http://www.rivkinlaw.com/
Wilson & Wilson Estate Planning & Elder Law LLC,Wilson & Wilson Estate Planning & Elder Law LLC,"770 Lake Cook Rd Ste 100, Deerfield, IL 60015",Deerfield,Lake,+1 847-656-8958,https://www.lagrangelaw.com/
Kulinsky & Associates Ltd,Kulinsky & Associates Ltd,"395 E Dundee Rd #200, Wheeling, IL 60090",Wheeling,Cook,+1 847-459-4448,https://www.kulinskylaw.com/%3Fnpcmp%3Ddir:local:2344964:60090
WolfPoint Legal LLC,WolfPoint Legal LLC,"1724 Sherman Ave #201, Evanston, IL 60201",Evanston,Cook,+1 773-771-2498,https://wolfpointlegal.com/
Matlin Law Group P.C.,Matlin Law Group P.C.,"500 Skokie Blvd Ste 100, Northbrook, IL 60062",Northbrook,Cook,+1 847-770-6600,https://www.matlinlawgroup.com/
Zara Law Group,Zara Law Group,"6825 Hobson Valley Dr Ste 102, Woodridge, IL 60517",Woodridge,DuPage,+1 708-365-8411,http://www.zaralawgroup.com/
Stawicki Law Office,Stawicki Law Office,"1200 Shermer Rd #102, Northbrook, IL 60062",Northbrook,Cook,+1 847-209-2044,https://stawickilaw.com/
Terrence J. McKenna,Terrence J. McKenna,"30-B N Williams St, Crystal Lake, IL 60014",Crystal Lake,McHenry,+1 815-306-4500,https://www.mckennalaw.com/
Donald C Stinespring & Associates,Donald C Stinespring & Associates,"5414 Hill Rd, Richmond, IL 60071",Richmond,McHenry,+1 815-678-4553,http://www.stinespring.com/
Hood Law P.C.,Hood Law P.C.,"501 N Riverside Dr Ste 204, Gurnee, IL 60031",Gurnee,Lake,+1 847-244-6633,http://www.hoodlawpc.com/
"LaLuzerne & Smith, LTD","LaLuzerne & Smith, LTD","1 N County St, Waukegan, IL 60085",Waukegan,Lake,+1 847-775-7700,http://www.lsattorneys.com/
PSS Law,PSS Law,"1000 Skokie Blvd #320, Wilmette, IL 60091",Wilmette,Cook,+1 847-251-2999,http://pss.law/
Diamond Real Estate Law,Diamond Real Estate Law,"3431 W Elm St suite b, McHenry, IL 60050",McHenry,McHenry,+1 773-231-2657,http://diamondrealestatelaw.com/
Rhoades Levy Law Group P. C.,Rhoades Levy Law Group P. C.,"3400 Dundee Rd #340, Northbrook, IL 60062",Northbrook,Cook,+1 847-870-7600,http://www.rhoadeslevylaw.com/
Stern Mendez,Stern Mendez,"250 E Illinois Rd Ste 200, Lake Forest, IL 60045",Lake Forest,Lake,+1 847-868-9584,https://sternmendez.com/lake-forest-divorce-lawyer/%3Futm_source%3Dlocal%26utm_medium%3Dorganic%26utm_campaign%3Dgbp
Hardt & Stern & Kayne,Hardt & Stern & Kayne,"2610 Lake Cook Rd Ste 200, Riverwoods, IL 60015",Riverwoods,Lake,+1 847-597-2150,https://hsklaw.com/
"Edenhofer Law Offices, S.C.","Edenhofer Law Offices, S.C.","24906 75th St, Salem Lakes, WI 53168",Salem Lakes,Wisconsin,+1 262-345-7458,https://www.salemlegalattorney.com/
Shaw Law Ltd,Shaw Law Ltd,"33 N County St Ste 300, Waukegan, IL 60085",Waukegan,Lake,+1 847-244-4696,https://shawlawltd.com/
"Joseph C. Johnson, P.C.","Joseph C. Johnson, P.C.","1200 Shermer Rd #212, Northbrook, IL 60062",Northbrook,Cook,+1 847-564-8330,https://www.jcjestatelaw.com/
The Law Office of Jade Carpenter,The Law Office of Jade Carpenter,"4711 Golf Rd #1125, Skokie, IL 60076",Skokie,Cook,+1 312-809-8443,http://jadelawoffice.com/
The Law Offices of Sameer Chhabria,The Law Offices of Sameer Chhabria,"300 Saunders Rd Ste 100, Riverwoods, IL 60015",Riverwoods,Lake,+1 312-580-9500,http://www.illinoisestateplanning.com/
Jack C Mardoian Ltd,Jack C Mardoian Ltd,"900 W N Shore Dr Ste 150, Lake Bluff, IL 60044",Lake Bluff,Lake,+1 847-295-4100,https://splinternetmarketing.com/local-pros/illinois/lake-bluff/jack-c-mardoian-ltd/
"Gurysh Law, LLC","Gurysh Law, LLC","140 S Milwaukee Ave, Libertyville, IL 60048",Libertyville,Lake,+1 847-816-6442,https://www.guryshlaw.com/
"Franklin, Greenswag, Channon & Capilla","Franklin, Greenswag, Channon & Capilla","181 N Waukegan Rd #205, Northfield, IL 60093",Northfield,Cook,+1 847-701-2250,https://fgcclaw.com/
Wineberg Legal,Wineberg Legal,"927 Cornell St, Wilmette, IL 60091",Wilmette,Cook,+1 312-399-7604,https://www.wineberglegal.com/contact
Waypoint Estate and Business Planning,Waypoint Estate and Business Planning,"100 Saunders Rd Suite 150, Lake Forest, IL 60045",Lake Forest,Lake,+1 847-276-2640,http://www.waypointplanning.com/
Glickman Mark R,Glickman Mark R,"3330 Dundee Rd c4, Northbrook, IL 60062",Northbrook,Cook,+1 847-272-0064,https://glickmanlawgroup.com/home-page
Hedeker Law Ltd.,Hedeker Law Ltd.,"1 Overlook Point Ste 610, Lincolnshire, IL 60069",Lincolnshire,Lake,+1 847-913-5415,http://www.hedekerlaw.com/
Charles T. Newland & Associates,Charles T. Newland & Associates,"250 Parkway Dr Ste 330, Lincolnshire, IL 60069",Lincolnshire,Lake,+1 847-797-9300,https://www.cnewlandassociates.com/
"Kelleher + Holland, LLC","Kelleher + Holland, LLC","32 N West St Suite 101, Waukegan, IL 60085",Waukegan,Lake,+1 847-244-2660,https://www.kelleherholland.com/%3Futm_source%3Dgoogle-local%26utm_medium%3Dorganic%26utm_campaign%3D3791
"Ciesla Beeler, LLC","Ciesla Beeler, LLC","Two Northfield Plaza Ste. 255, Northfield, IL 60093",Northfield,Cook,+1 847-868-1860,http://www.cieslabeeler.com/
Jotkus Law Group,Jotkus Law Group,"3400 Dundee Rd STE 215, Northbrook, IL 60062",Northbrook,Cook,+1 847-630-6003,https://www.jotkuslg.com/
"David Bohrer, Attorney & Counselor At Law","David Bohrer, Attorney & Counselor At Law","555 Skokie Blvd STE 500, Northbrook, IL 60062",Northbrook,Cook,+1 847-498-6878,http://www.bohreratlaw.com/
"The Law Offices of Charles E. Hutchinson, LLC","The Law Offices of Charles E. Hutchinson, LLC","607 9th St, Wilmette, IL 60091",Wilmette,Cook,+1 312-259-0672,http://www.charleshutchinsonlaw.com/
"Froum Law Group, LLC","Froum Law Group, LLC","807 Greenwood St, Evanston, IL 60201",Evanston,Cook,+1 847-228-0034,http://www.froumlaw.com/
"Michna & Khanice, Attorneys at Law","Michna & Khanice, Attorneys at Law","3100 Dundee Rd Ste 506, Northbrook, IL 60062",Northbrook,Cook,+1 847-446-4600,http://michnalaw.com/
"Ferris & Thompson, LTD","Ferris & Thompson, LTD","103 S Greenleaf St G, Gurnee, IL 60031",Gurnee,Lake,+1 844-263-4040,https://www.injurylawyershotline.com/
O'Flaherty Law,O'Flaherty Law,"2521 Gross Point Rd ste 222, Evanston, IL 60201",Evanston,Cook,+1 224-244-9922,https://www.oflaherty-law.com/locations/evanston-attorneys
Strauss Malk & Feder LLP,Strauss Malk & Feder LLP,"135 Revere Dr, Northbrook, IL 60062",Northbrook,Cook,+1 847-562-1400,https://www.straussmalk.com/
Andrew K Yoblon and Associates PC,Andrew K Yoblon and Associates PC,"3000 Dundee Rd #415, Northbrook, IL 60062",Northbrook,Cook,+1 847-562-9900,https://ayoblonlaw.com/
"Kulinsky & Associates, Ltd.","Kulinsky & Associates, Ltd.","732 Florsheim Dr Ste 14, Libertyville, IL 60048",Libertyville,Lake,+1 847-459-4448,http://www.kulinskylaw.com/
Drendel & Jansons Law Group,Drendel & Jansons Law Group,"111 Flinn St, Batavia, IL 60510",Batavia,Kane,+1 630-406-5440,https://batavialaw.com/%3Fnpcmp%3Ddir:local:1830183:60510
"Yudell and Lonoff, LLC","Yudell and Lonoff, LLC","400 Central Ave Suite 110, Northfield, IL 60093",Northfield,Cook,+1 847-441-9500,http://yudellandlonoff.com/
Lake County Bar Association,Lake County Bar Association,"300 Grand Ave Ste C, Waukegan, IL 60085",Waukegan,Lake,+1 847-244-3143,https://www.lakebar.org/
David S Gordon & Associates,David S Gordon & Associates,"611 S Milwaukee Ave #4, Libertyville, IL 60048",Libertyville,Lake,+1 847-949-6700,http://www.attorneydavidgordon.com/
"Wolf Solovy & Zivin, LLP | Attorneys and Counselors","Wolf Solovy & Zivin, LLP | Attorneys and Counselors","40 Skokie Blvd #320, Northbrook, IL 60062",Northbrook,Cook,+1 224-330-1717,https://www.wolfsolovy.com/
Central Law Group P.C.,Central Law Group P.C.,"2822 Central St, Evanston, IL 60201",Evanston,Cook,+1 847-866-0124,http://www.centrallawgroup.net/
Ruben & Goldberg LLC,Ruben & Goldberg LLC,"3000 Dundee Rd #305, Northbrook, IL 60062",Northbrook,Cook,+1 847-790-7625,https://rglegal.biz/
Cernek Legal Services,Cernek Legal Services,"1701 E Lake Ave # 460, Glenview, IL 60025",Glenview,Cook,+1 847-998-1400,http://www.cerneklegalservices.com/
Law Office of Norman L. Bloch,Law Office of Norman L. Bloch,"342b Park Ave, Glencoe, IL 60022",Glencoe,Cook,+1 847-835-0308,http://lawofficeofnormanbloch.com/
Hurley Law Office LLC,Hurley Law Office LLC,"1000 Skokie Blvd #340, Wilmette, IL 60091",Wilmette,Cook,+1 847-420-4730,http://www.hurleylawllc.com/
LAW FIRM OF KUCZEK & ASSOCIATES,LAW FIRM OF KUCZEK & ASSOCIATES,"1510 Old Deerfield Rd Ste 230, Highland Park, IL 60035",Highland Park,Lake,+1 847-940-7780,http://kuczek.com/
"Benjamin Gussin Kallick Erlich & Aronow, PC","Benjamin Gussin Kallick Erlich & Aronow, PC","801 Skokie Blvd # 100, Northbrook, IL 60062",Northbrook,Cook,+1 847-205-9700,http://www.bgalawfirm.com/
Ferrigno Law Firm,Ferrigno Law Firm,"9933 Lawler Ave #100, Skokie, IL 60077",Skokie,Cook,+1 847-604-0406,http://www.ferrignolawfirm.com/
Sean Goodwin Legal Services,Sean Goodwin Legal Services,"922 Davis St, Evanston, IL 60201",Evanston,Cook,+1 312-588-6762,http://www.seangoodwinlegal.com/
Kent A Heitzinger & Associates,Kent A Heitzinger & Associates,"1056 Gage St Ste 200, Winnetka, IL 60093",Winnetka,Cook,+1 847-446-2430,https://heitzingerlaw.com/kent-a-heitzinger/
Lake County Illinois Clerk of the Circuit Court,Lake County Illinois Clerk of the Circuit Court,"18 N County St, Waukegan, IL 60085",Waukegan,Lake,+1 847-377-3380,https://www.lakecountycircuitclerk.org/
"Quinlisk & Quinlisk, Ltd.","Quinlisk & Quinlisk, Ltd.","707 Lake Cook Rd #135, Deerfield, IL 60015",Deerfield,Lake,+1 847-897-1494,http://qq-law.com/
Carlos A. Saavedra,Carlos A. Saavedra,"1007 Church St, Evanston, IL 60201",Evanston,Cook,+1 847-491-9690,https://csaavedralaw.com/
Robbins Salomon & Patt LTD,Robbins Salomon & Patt LTD,"2222 Chestnut Ave #101, Glenview, IL 60026",Glenview,Cook,+1 847-729-7300,https://robbinsdimonte.com/our-attorneys/
Leoris & Cohen,Leoris & Cohen,"622 Laurel Ave, Highland Park, IL 60035",Highland Park,Lake,+1 847-433-6063,http://www.leorisandcohen.com/
"Law Offices of Brian R. Dolan, LLC","Law Offices of Brian R. Dolan, LLC","5 Revere Dr, Northbrook, IL 60062",Northbrook,Cook,+1 847-235-6676,https://dolanlawyer.com/
The Law Office of Alan E Sohn,The Law Office of Alan E Sohn,"801 Skokie Blvd Suite 201S, Northbrook, IL 60062",Northbrook,Cook,+1 312-236-7005,http://sohnlawfirm.com/
Farooqi & Husain Law Office,Farooqi & Husain Law Office,"5250 Old Orchard Rd Ste 300, Skokie, IL 60077",Skokie,Cook,+1 847-324-9843,https://www.farooqihusain.com/%3Futm_source%3Dgoogle%26utm_medium%3DSkokie_gmb%26utm_campaign%3Dgmb_website_button
Zapolis and Associates PC,Zapolis and Associates PC,"9991 191st St, Mokena, IL 60448",Mokena,Will,+1 708-478-5050,https://www.zapolislaw.com/%3Futm_source%3Dgoogle-local%26utm_medium%3Dorganic%26utm_campaign%3D4264
"Arbor Legacy Law, LLC","Arbor Legacy Law, LLC","24402 Lockport St, Plainfield, IL 60544",Plainfield,Will,+1 815-846-6001,https://arborlegacylaw.com/
Law Office of Stephanie Macuiba,Law Office of Stephanie Macuiba,"63 W Jefferson St # 201, Joliet, IL 60432",Joliet,Will,+1 815-690-2203,http://macuibalaw.com/
"Estate and Probate Legal Group, Ltd.","Estate and Probate Legal Group, Ltd.","581 Sullivan Rd Suite D, Aurora, IL 60506",Aurora,Kane,+1 630-538-8417,https://estateandprobatelegalgroup.com/%3Futm_source%3DGBP%26utm_medium%3DGBP%26utm_campaign%3DGBP_Aurora%26utm_id%3DGBP_Aurora
Midwest Law Group,Midwest Law Group,"9980 190th St C, Mokena, IL 60448",Mokena,Will,+1 708-361-7001,https://www.midwestlawgroup.net/
"Meents Law, P.C.","Meents Law, P.C.","25158 W Eames St Unit A, Channahon, IL 60410",Channahon,Will,+1 815-534-9515,http://www.meentslaw.com/
"Kuhn, Heap & Monson Attorneys At Law","Kuhn, Heap & Monson Attorneys At Law","552 S Washington St # 100, Naperville, IL 60540",Naperville,DuPage,+1 630-420-8228,http://www.kuhnheap.com/
Law Offices of Robert J. Varak,Law Offices of Robert J. Varak,"4824 Snapjack Cir, Naperville, IL 60564",Naperville,Will,+1 630-848-9255,https://www.varaklaw.com/
"AuBuchon Law, LLC","AuBuchon Law, LLC","24402 Lockport St #219, Plainfield, IL 60544",Plainfield,Will,+1 331-207-3584,https://www.lalaw84.com/
Castle Law,Castle Law,"2 129th Infantry Dr, Joliet, IL 60435",Joliet,Will,+1 815-744-6550,http://www.castlelaw.com/
Gateville Law Firm,Gateville Law Firm,"201 E Veterans Pkwy #14, Yorkville, IL 60560",Yorkville,Other Illinois,+1 630-780-1034,https://www.gatevillelawfirm.com/
The Coyle Law Office,The Coyle Law Office,"131 E 9th St, Lockport, IL 60441",Lockport,Will,+1 815-838-6199,https://coylelaw.org/
Will County Bar Association,Will County Bar Association,"167 N Ottawa St #101, Joliet, IL 60432",Joliet,Will,+1 815-726-0383,http://willcountybar.net/
"KazdaLaw, P.C.","KazdaLaw, P.C.","17112 Oak Park Ave, Tinley Park, IL 60477",Tinley Park,Cook,+1 708-448-5000,http://www.kazdalaw.com/
Law Office of Klunk and Forzley PC,Law Office of Klunk and Forzley PC,"916 S State St, Lockport, IL 60441",Lockport,Will,+1 815-834-1108,http://www.klunklaw.com/
The Law Office Of Joseph M. Kosteck,The Law Office Of Joseph M. Kosteck,"20527 LaGrange Rd, Frankfort, IL 60423",Frankfort,Will,+1 815-806-2950,https://josephkostecklaw.com/
Nathan Sandoval - Attorney at Law,Nathan Sandoval - Attorney at Law,"11531 Swinford Ln, Mokena, IL 60448",Mokena,Will,+1 708-825-7426,http://www.sandovallc.com/
"Kevin P. Gosewisch, P.C.","Kevin P. Gosewisch, P.C.","18700 Wolf Rd Suite 208, Mokena, IL 60448",Mokena,Will,+1 708-995-1965,https://kevingosewischlaw.com/
"Hess Law Firm, LLC","Hess Law Firm, LLC","1315 Macom Dr #202, Naperville, IL 60564",Naperville,Will,+1 847-367-6990,https://www.hesslawfirm.com/
"Christopher J Cummings, PC","Christopher J Cummings, PC","2024 Hickory Rd # 205, Homewood, IL 60430",Homewood,Cook,+1 708-799-7575,http://cjcummingslaw.com/
"Michael N. Gorcowski, P.C.","Michael N. Gorcowski, P.C.","8 W Cass St, Joliet, IL 60432",Joliet,Will,+1 815-740-5900,http://www.gorcowskilaw.net/
"Carol A. Nolan, Attorney At Law","Carol A. Nolan, Attorney At Law","1001 Warrenville Rd Ste 500, Lisle, IL 60532",Lisle,DuPage,+1 630-668-6600,https://www.canolanlaw.com/%3Futm_source%3Dgoogle%26utm_medium%3DLisle_gmb%26utm_campaign%3Dgmb_website_button
"The Livingston Law Office, LLC","The Livingston Law Office, LLC","2700 Patriot Blvd Suite 250, Glenview, IL 60026",Glenview,Cook,+1 847-544-6657,https://www.livingstonlawllc.com/%3Futm_source%3Dgoogle%26utm_medium%3DGlenview_gmb%26utm_campaign%3Dgmb_website_button
"LaMonte Law & Consulting, LLC","LaMonte Law & Consulting, LLC","400 E Lincoln Hwy Suite 101, New Lenox, IL 60451",New Lenox,Will,+1 708-882-0050,http://www.lamontelaw.com/
"Kabbe Law Group, LLC","Kabbe Law Group, LLC","2323 Naperville Rd STE 210, Naperville, IL 60563",Naperville,DuPage,+1 630-219-4200,http://www.kabbe-law.com/
SBK Law Group,SBK Law Group,"210 N Hammes Ave Suite 205A, Joliet, IL 60435",Joliet,Will,+1 630-427-4407,https://sbklawgroup.com/
"Samuel Erkonen, P.C. Attorney At Law","Samuel Erkonen, P.C. Attorney At Law","24014 W Renwick Rd, Plainfield, IL 60544",Plainfield,Will,+1 815-919-6580,https://www.samerkonen.com/
"Law Office of Donald J. Gould, Ltd.","Law Office of Donald J. Gould, Ltd.","860 Center Ct Unit D, Shorewood, IL 60404",Shorewood,Will,+1 815-725-7665,http://www.dongouldlaw.com/
"Meents Law, P.C. (formerly Fisher Meents LLC)","Meents Law, P.C. (formerly Fisher Meents LLC)","207 S Water St, Wilmington, IL 60481",Wilmington,Will,+1 815-476-7635,https://meentslaw.com/
"Mahoney, Silverman & Cross, LLC","Mahoney, Silverman & Cross, LLC","822 129th Infantry Dr #100, Joliet, IL 60435",Joliet,Will,+1 815-730-9500,http://www.msclawfirm.com/
"Michael Overmann, Ltd.","Michael Overmann, Ltd.","15750 S Bell Rd #1C, Homer Glen, IL 60491",Homer Glen,Will,+1 630-395-7948,http://www.overmannlaw.com/
"Collander Law Offices, Ltd.","Collander Law Offices, Ltd.","608 S Washington St #307, Naperville, IL 60540",Naperville,DuPage,+1 630-420-1333,https://www.collanderlaw.com/%3Futm_source%3Dgoogle%26utm_medium%3DNaperville_gmb%26utm_campaign%3Dgmb_website_button
The Law Office Of Dawn R. Underhill,The Law Office Of Dawn R. Underhill,"63 W Jefferson St #101, Joliet, IL 60432",Joliet,Will,+1 815-726-4700,http://dawnunderhilllaw.com/
William P. Drew III Law Firm,William P. Drew III Law Firm,"1063 E 9th St, Lockport, IL 60441",Lockport,Will,+1 815-838-1440,http://billdrewattorney.com/
Cheri Costa Law LLC,Cheri Costa Law LLC,"15255 S 94th Ave 5th floor, Orland Park, IL 60462",Orland Park,Cook,+1 708-274-0080,http://chericostalaw.com/
"Krentz, Salfisberg & Swanson Haggard. P.C.","Krentz, Salfisberg & Swanson Haggard. P.C.","11000 Walter Payton Memorial Hwy Ste 6, Plano, IL 60545",Plano,Other Illinois,+1 630-552-8213,http://ksshlaw.com/
Law Offices of Vince G. Portlock,Law Offices of Vince G. Portlock,"323 Springfield Ave #2F, Joliet, IL 60435",Joliet,Will,+1 815-725-9981,http://www.portlocklaw.com/
"Joerg Seifert Law Offices, P.C.","Joerg Seifert Law Offices, P.C.","1450 Plainfield Rd #2, Darien, IL 60561",Darien,DuPage,+1 630-832-2333,http://www.seifertlawpc.com/
Giamanco Law Partners,Giamanco Law Partners,"107 W Boughton Rd, Bolingbrook, IL 60440",Bolingbrook,Will,+1 630-635-5555,https://www.glawpartners.com/%3Fnpcmp%3Ddir:local:5153239:60440
"The Law Offices of Janusonis & Szudarek, P.C.","The Law Offices of Janusonis & Szudarek, P.C.","16612 W 159th St #202, Lockport, IL 60441",Lockport,Will,+1 815-836-2600,http://www.janusonislaw.com/
"Blacha Law Office, Ltd.","Blacha Law Office, Ltd.","54 N Ottawa St St #205, Joliet, IL 60432",Joliet,Will,+1 630-283-1987,https://www.napervilledivorcelawyer.com/joliet-will-county/%3Fnpcmp%3Ddir:local:4654777:60432
"M. W. Brady Law Firm, P.C.","M. W. Brady Law Firm, P.C.","20950 S Frankfort Square Rd Unit B, Frankfort, IL 60423",Frankfort,Will,+1 708-532-3655,http://www.mwbradylaw.com/
"Law Office of James F. White, P.C.","Law Office of James F. White, P.C.","160 Municipal Dr Suite 100, Sugar Grove, IL 60554",Sugar Grove,Kane,+1 630-466-1600,https://www.jwhite-law.com/%3Futm_source%3Dgoogle%26utm_medium%3DSugar_Grove_gmb%26utm_campaign%3Dgmb_website_button
Patankar Law P.C.,Patankar Law P.C.,"1700 N Farnsworth Ave #28, Aurora, IL 60505",Aurora,Kane,+1 630-820-8877,https://www.patankarlaw.com/%3Futm_source%3Dgoogle%26utm_medium%3DAurora_gmb%26utm_campaign%3Dgmb_website_button
Robert J Chio Law Office,Robert J Chio Law Office,"642 Executive Dr, Willowbrook, IL 60527",Willowbrook,DuPage,+1 630-325-3711,http://www.chiolaw.com/
"McGrath Law, PC","McGrath Law, PC","440 S State St, Manhattan, IL 60442",Manhattan,Will,+1 815-478-4020,https://www.tmcgrathlaw.com/
"Legacy & Life Law Firm, LLC","Legacy & Life Law Firm, LLC","400 E Diehl Rd Suite 550-B, Naperville, IL 60563",Naperville,DuPage,+1 630-684-2303,http://www.legacyandlifelaw.com/
"Reeder & Brown, P.C.","Reeder & Brown, P.C.","58 N Chicago St #404, Joliet, IL 60432",Joliet,Will,+1 815-768-4800,https://www.reederbrownlaw.com/%3Futm_source%3Dgoogle%26utm_medium%3DJoliet_gmb%26utm_campaign%3Dgmb_website_button%26y_source%3D1_MTc0NzQ2MzMtNzE1LWxvY2F0aW9uLndlYnNpdGU%253D
"DLAW, PC","DLAW, PC","28 N 1st St #101, Geneva, IL 60134",Geneva,Kane,+1 331-222-7978,https://www.dlawattorney.com/%3Futm_source%3Dgoogle%26utm_medium%3DGeneva_gmb%26utm_campaign%3Dgmb_website_button
Bernicky Law Firm,Bernicky Law Firm,"1700 Park St #203, Naperville, IL 60563",Naperville,DuPage,+1 630-909-9902,http://www.bernickylaw.com/
"Antoniolli, Cerny & Winthers, P.C.","Antoniolli, Cerny & Winthers, P.C.","1N141 County Farm Rd #230, Winfield, IL 60190",Winfield,DuPage,+1 630-668-6700,http://www.dupageattorneys.org/
Oath - Burr Ridge Estate Planning & Investment Attorneys,Oath - Burr Ridge Estate Planning & Investment Attorneys,"1333 Burr Ridge Pkwy STE 200, Burr Ridge, IL 60527",Burr Ridge,DuPage,+1 630-581-7525,https://www.oath.law/
Law Office of Brett M. Clark,Law Office of Brett M. Clark,"15255 S 94th Ave #500, Orland Park, IL 60462",Orland Park,Cook,+1 708-465-2895,https://bmclarklaw.com/
Law Offices Of Thomas E. Brabec,Law Offices Of Thomas E. Brabec,"18154 Harwood Ave #204, Homewood, IL 60430",Homewood,Cook,+1 708-960-0580,https://brabeclawoffices.com/
"O'Connor Law Offices, LLC","O'Connor Law Offices, LLC","10751 165th St STE 101, Orland Park, IL 60467",Orland Park,Cook,+1 708-460-8888,https://www.doconnorlawoffices.com/
Massari Law LLC,Massari Law LLC,"21146 Washington Pkwy, Frankfort, IL 60423",Frankfort,Will,+1 708-487-6080,http://www.massarilaw.com/
Kristine Larsen Attorney at Law,Kristine Larsen Attorney at Law,"22 W Van Buren St, Oswego, IL 60543",Oswego,Other Illinois,+1 630-551-4041,https://www.kristinelarsenlaw.com/
A. Traub & Associates,A. Traub & Associates,"200 W 22nd St #210, Lombard, IL 60148",Lombard,DuPage,+1 630-426-0196,https://www.atclaw.com/%3Futm_source%3Dgoogle%26utm_medium%3DLombard_gmb%26utm_campaign%3Dgmb_website_button
Camden Law Office LLC,Camden Law Office LLC,"329 Shore Dr A, Burr Ridge, IL 60527",Burr Ridge,DuPage,+1 630-568-6656,http://www.camdenlawoffice.com/
Kezy & Associates,Kezy & Associates,"16061 S 94th Ave, Orland Hills, IL 60487",Orland Hills,Cook,+1 708-403-5322,http://www.familylawyerschicago.com/
Serritella Law,Serritella Law,"18600 Graphics Ct b, Tinley Park, IL 60477",Tinley Park,Cook,+1 708-299-5827,https://serritellalaw.com/
Sokol & Mazian Law Offices,Sokol & Mazian Law Offices,"9501 W 144th Pl Suite 104, Orland Park, IL 60462",Orland Park,Cook,+1 708-460-2266,http://www.sokolandmazianlaw.com/
"Michael Overmann, Ltd.","Michael Overmann, Ltd.","7702 S Cass Ave #115, Darien, IL 60561",Darien,DuPage,+1 630-810-0316,http://www.overmannlaw.com/
"Strohschein Law Group, LLC","Strohschein Law Group, LLC","455 Dunham Rd #200, St. Charles, IL 60174",St. Charles,Kane,+1 630-377-3241,http://www.strohscheinlawgroup.com/
Banahan & Haas,Banahan & Haas,"22 S 4th St #5, Geneva, IL 60134",Geneva,Kane,+1 630-868-3910,https://www.banahan-haas.com/estate-planning
Granholm & Gynac,Granholm & Gynac,"63 N Chicago St, Joliet, IL 60432",Joliet,Will,+1 815-582-3600,https://www.granholmgynaclaw.com/%3Futm_source%3DGMBlisting%26utm_medium%3Dorganic
Sivia Law Edwardsville,Sivia Law Edwardsville,"217 S Main St, Edwardsville, IL 62025",Edwardsville,Other Illinois,+1 618-659-4499,https://www.sivialaw.com/locations/edwardsville-il-office
"Claes & Claes, LTD","Claes & Claes, LTD","2626 83rd St, Darien, IL 60561",Darien,DuPage,+1 630-985-5100,http://www.claesandclaes.com/
Kavanagh Grumley & Gorbold LLC,Kavanagh Grumley & Gorbold LLC,"111 N Ottawa St, Joliet, IL 60432",Joliet,Will,+1 815-727-4511,https://www.kggllc.com/
Adler Law Firm PC,Adler Law Firm PC,"1616 W Jefferson St, Joliet, IL 60435",Joliet,Will,+1 815-744-5300,http://www.adlerlawfirm.com/
The Justice Law Firm P.C.,The Justice Law Firm P.C.,"909 Clinton St, Ottawa, IL 61350",Ottawa,Other Illinois,+1 815-434-0709,http://www.thejusticelawfirm.com/
The Law Firm of Zohaib Ali,The Law Firm of Zohaib Ali,"6825 Hobson Valley Dr, Woodridge, IL 60517",Woodridge,DuPage,+1 708-307-9254,https://www.zaralawgroup.com/lawyers/zohaib-ali
"The Law Offices of Borla, North & Zaba","The Law Offices of Borla, North & Zaba","6912 Main St #200, Downers Grove, IL 60516",Downers Grove,DuPage,+1 630-442-0520,http://www.zabalawgroup.com/
Law Elder Law / Law Hesselbaum LLP,Law Elder Law / Law Hesselbaum LLP,"2275 Church Rd, Aurora, IL 60502",Aurora,DuPage,+1 630-585-5200,http://www.lawhess.com/
Law Offices of Matthew Baysinger,Law Offices of Matthew Baysinger,"1900 75th St, Woodridge, IL 60517",Woodridge,DuPage,+1 773-250-2496,http://baysingerlawoffices.com/
Maria Mastrolonardo | Probate Real Estate Specialist | RE/MAX Enterprises,Maria Mastrolonardo | Probate Real Estate Specialist | RE/MAX Enterprises,"1200 Iroquois Ave, Naperville, IL 60563",Naperville,DuPage,+1 630-248-6077,http://www.ilprobatehelp.com/
Will County Probation Department,Will County Probation Department,"Court Annex, 57 N Ottawa St, Joliet, IL 60432",Joliet,Will,+1 815-727-8446,http://www.willcountycourts.com/
"Griffin & Gallagher, LLC","Griffin & Gallagher, LLC","10001 S Roberts Rd, Palos Hills, IL 60465",Palos Hills,Cook,+1 708-598-6800,https://www.griffingallagher.com/
"Thomas A. Appel, PC","Thomas A. Appel, PC","18311 N Creek Dr, Tinley Park, IL 60477",Tinley Park,Cook,+1 708-468-8165,http://www.appellawfirm.com/contact.php
"Mosteller & Holmberg, P.C.","Mosteller & Holmberg, P.C.","3550 Hobson Rd #101, Woodridge, IL 60517",Woodridge,DuPage,+1 630-734-1470,https://mostellerandholmberg.com/
DuPage Legal Aid,DuPage Legal Aid,"126 S County Farm Rd, Wheaton, IL 60187",Wheaton,DuPage,+1 630-653-6212,http://www.dupagelegalaid.org/
Henderson & Mehta Law and Mediation,Henderson & Mehta Law and Mediation,"23 W Jefferson St Suite 1, Joliet, IL 60432",Joliet,Will,+1 815-726-8500,http://www.angelahendersonlaw.com/
The Law Office of Marsha Cellucci,The Law Office of Marsha Cellucci,"1155 S Washington St, Naperville, IL 60540",Naperville,DuPage,+1 630-961-0225,http://www.celluccilaw.com/
David W Daudell Attorney At Law,David W Daudell Attorney At Law,"15030 S Ravinia Ave Ste 31, Orland Park, IL 60462",Orland Park,Cook,+1 708-356-9293,https://www.daviddaudell.com/
Collins Mary L,Collins Mary L,"3321 Hobson Rd C, Woodridge, IL 60517",Woodridge,DuPage,+1 630-241-7903,http://www.collinsdisabilitylaw.com/
"Ritchie Law Office, Ltd.","Ritchie Law Office, Ltd.","2203 E Empire St STE G, Bloomington, IL 61704",Bloomington,Other Illinois,+1 309-662-7000,https://www.ritchielawoffice.com/
Sterk Family Law Group,Sterk Family Law Group,"11508 W 183rd St, Orland Park, IL 60467",Orland Park,Cook,+1 815-600-8950,https://sterkfamilylaw.com/
"Lucas, Thompson & Wise, LLC","Lucas, Thompson & Wise, LLC","181 N Hammes Ave, Joliet, IL 60435",Joliet,Will,+1 815-729-0300,http://www.lawlucas.com/
"Stock, Carlson & Asso. LLC","Stock, Carlson & Asso. LLC","128D S County Farm Rd, Wheaton, IL 60187",Wheaton,DuPage,+1 630-665-2500,http://dupagelawyers.com/%3Futm_source%3Dgoogle%26utm_medium%3DWheaton_gmb%26utm_campaign%3Dgmb_website_button%26y_source%3D1_MTMyOTQ5MzMtNzE1LWxvY2F0aW9uLndlYnNpdGU%253D
"The Real Estate Law Firm, LLC","The Real Estate Law Firm, LLC","505 W Main St Suite A, St. Charles, IL 60174",St. Charles,Kane,+1 630-687-1070,https://www.therealestatelawfirm.com/
Carl Guzzy Real Estate Transition and Estate Specialist,Carl Guzzy Real Estate Transition and Estate Specialist,"15341 S 94th Ave Suite 101, Orland Park, IL 60462",Orland Park,Cook,+1 708-267-9525,http://chicagolandestatesolutions.com/
"Clavio, Van Ordstrand & Associates, LLP","Clavio, Van Ordstrand & Associates, LLP","10277 W Lincoln Hwy, Frankfort, IL 60423",Frankfort,Will,+1 815-464-8290,http://www.cvalawoffices.com/
Law Office of Sharon L. Sweeney,Law Office of Sharon L. Sweeney,"1440 Maple Ave # 1A, Lisle, IL 60532",Lisle,DuPage,+1 630-964-3366,http://www.sharonlsweeney.com/
"Mickey, Wilson, Weiler, Renzi, Lenert, & Julien, P.C.","Mickey, Wilson, Weiler, Renzi, Lenert, & Julien, P.C.","140 South Municipal Dr, Sugar Grove, IL 60554",Sugar Grove,Kane,+1 630-801-9699,https://www.mickeywilson.com/
"Concierge Law, by Campbell Holzhauer","Concierge Law, by Campbell Holzhauer","1003 S Washington St Suite 235, Naperville, IL 60540",Naperville,DuPage,+1 630-355-8100,https://conciergelaw.com/
Estate Planning Center,Estate Planning Center,"919 W Main St, Salem, IL 62881",Salem,Other Illinois,+1 618-548-3729,http://www.thefarmersestateplanningattorneys.com/
"Law Offices of Johnson & Johnson, Ltd.","Law Offices of Johnson & Johnson, Ltd.","16536 106th Ct, Orland Park, IL 60467",Orland Park,Cook,+1 708-349-8900,http://johnsonjohnson.law/orland-park/
"Law Office of Constantine G. Tzamouranis, PC","Law Office of Constantine G. Tzamouranis, PC","9631 W 153rd St Suite 35, Orland Park, IL 60462",Orland Park,Cook,+1 708-873-5300,https://cgtlawfirm.com/
"Law Offices of Jeffrey R. Gottlieb, LLC","Law Offices of Jeffrey R. Gottlieb, LLC","616 N North Ct #160, Palatine, IL 60067",Palatine,Cook,+1 847-991-2250,http://www.illinoisestateplan.com/
"The Law Office Of Priya Warman, P.C.","The Law Office Of Priya Warman, P.C.","7501 Lemont Rd #252, Woodridge, IL 60517",Woodridge,DuPage,+1 630-664-7777,http://priyawarmanlaw.com/
Will County Courthouse,Will County Courthouse,"100 W Jefferson St, Joliet, IL 60432",Joliet,Will,+1 815-727-8592,http://www.circuitclerkofwillcounty.com/
"Bettenhausen, Jarman & Massari","Bettenhausen, Jarman & Massari","21146 Washington Pkwy, Frankfort, IL 60423",Frankfort,Will,+1 815-806-1212,https://www.bettenhausenandjarman.com/
Charles N Erickson Law Office,Charles N Erickson Law Office,"2105 Eastland Dr #2, Bloomington, IL 61704",Bloomington,Other Illinois,+1 309-663-4034,https://www.charlesericksonlaw.com/%3Futm_source%3DNEXT%26utm_medium%3DGoogle_website
Donald P. Bailey,Donald P. Bailey,"10729 W 159th St, Orland Park, IL 60467",Orland Park,Cook,+1 708-460-2445,https://www.donaldpbaileylaw.com/
"Borla, North & Associates, P.C.","Borla, North & Associates, P.C.","6912 Main St #200, Downers Grove, IL 60516",Downers Grove,DuPage,+1 630-969-3903,http://www.borlanorth.com/
Fabrizio Hanson Peyla & Kawinski PC,Fabrizio Hanson Peyla & Kawinski PC,"116 N Chicago St # 200A, Joliet, IL 60432",Joliet,Will,+1 815-727-5445,http://fhpklawyers.com/
"Cohen Dovitz Makowka, LLC","Cohen Dovitz Makowka, LLC","10729 W 159th St, Orland Park, IL 60467",Orland Park,Cook,+1 708-460-7711,http://www.cdm.legal/
Vitello Law Firm,Vitello Law Firm,"2328 E Lincoln Hwy Suite 314, New Lenox, IL 60451",New Lenox,Will,+1 815-463-8481,https://www.vitellolaw.com/
Will County Law Library,Will County Law Library,"100 W Jefferson St, Joliet, IL 60432",Joliet,Will,+1 815-727-8536,http://www.willcountycircuitcourt.com/
"Bassett & Gabriel Law Office, P.C.","Bassett & Gabriel Law Office, P.C.","16 W Lorena Ave, Wood River, IL 62095",Wood River,Other Illinois,+1 618-350-3409,https://www.bassettlawoffice.com/
"Norsigian Law, PLLC","Norsigian Law, PLLC","220 E State St Suite 2C, O'Fallon, IL 62269",O'Fallon,Other Illinois,+1 618-628-8500,https://norsigianlaw.com/
LeVine Ehrman Ltd.,LeVine Ehrman Ltd.,"18400 Maple Creek Dr Suite 600A, Tinley Park, IL 60477",Tinley Park,Cook,+1 708-840-7779,https://www.lehlaw.com/%3Fnpcmp%3Ddir:local:1579711:60477
Lynch Jennifer M,Lynch Jennifer M,"1861 Black Rd STE A, Joliet, IL 60435",Joliet,Will,+1 815-725-8000,http://www.jprlaw.net/
Plan Your Heritage,Plan Your Heritage,"6523 Denali Ridge Dr, Plainfield, IL 60586",Plainfield,Will,+1 815-280-0411,http://planyourheritage.com/
"DDV Law, Ltd.","DDV Law, Ltd.","111 N Wabash Ave STE 1300, Chicago, IL 60602",Chicago,Cook,+1 312-878-0155,http://www.ddvlawyers.com/
Mesothelioma Claims & Estate Law,Mesothelioma Claims & Estate Law,"759 John St, Yorkville, IL 60560",Yorkville,Other Illinois,+1 630-803-7412,https://mesothelioma-claims-illinois.com/
Law Office of William Lee,Law Office of William Lee,"229 1st Ave #3, Rock Falls, IL 61071",Rock Falls,Other Illinois,+1 815-716-8381,http://www.leelaw815.com/
Jay A. Slutzky Attorney At Law,Jay A. Slutzky Attorney At Law,"7749 N Milwaukee Ave, Niles, IL 60714",Niles,Cook,+1 847-967-7979,https://www.slutzkylaw.com/
Vytenis Lietuvninkas Law Office,Vytenis Lietuvninkas Law Office,"15349 E 127th St, Lemont, IL 60439",Lemont,Cook,+1 773-284-0100,https://midwaylegal.com/
William A. Hellyer Ltd,William A. Hellyer Ltd,"444 S Illinois Rte 31 #100, Crystal Lake, IL 60012",Crystal Lake,McHenry,+1 815-459-1700,https://www.williamhellyer.com/
Antonietti Law - Attorney Charles E. Antonietti,Antonietti Law - Attorney Charles E. Antonietti,"15 Salt Creek Ln suite 201, Hinsdale, IL 60521",Hinsdale,DuPage,+1 630-230-0101,http://www.antoniettilaw.com/
Will County Circuit Clerk,Will County Circuit Clerk,"3208 McDonough St, Joliet, IL 60431",Joliet,Will,+1 815-730-7155,http://www.willcountycircuitcourt.com/
Law Office Of Richard C Claahsen,Law Office Of Richard C Claahsen,"200 Hillcrest Ave Suite B, Yorkville, IL 60560",Yorkville,Other Illinois,+1 630-553-1234,https://claahsenlaw.com/
Collins Disability Law,Collins Disability Law,"3321 Hobson Rd C, Woodridge, IL 60517",Woodridge,DuPage,+1 630-241-7903,http://www.collinsdisabilitylaw.com/
Bernabei Balestri & Fiocchi,Bernabei Balestri & Fiocchi,"149 Gooding St, La Salle, IL 61301",La Salle,Other Illinois,+1 815-223-6600,https://balestrilaw.com/
Michael Knick Law,Michael Knick Law,"3601 McDonough St, Joliet, IL 60431",Joliet,Will,+1 815-954-9469,http://michaelknicklaw.com/contact/
"Lynch Law, LLC","Lynch Law, LLC","640 S Washington St #212, Naperville, IL 60540",Naperville,DuPage,+1 630-960-4700,https://johnjlynchesq.com/
Law Offices of James A Hasier,Law Offices of James A Hasier,"18400 Maple Creek Dr #500, Tinley Park, IL 60477",Tinley Park,Cook,+1 312-401-1387,https://www.jameshasierlaw.com/
Beavers Graham,Beavers Graham,"221 W Main Cross St, Taylorville, IL 62568",Taylorville,Other Illinois,+1 217-824-3341,https://www.bcbflegal.com/
Law Office of John R (Jack) Krafcisin,Law Office of John R (Jack) Krafcisin,"1500 Ravinia Pl, Orland Park, IL 60462",Orland Park,Cook,+1 708-652-8500,http://www.jklawyer.com/
MERLE C. BASSETT,MERLE C. BASSETT,"16 W Lorena Ave, Wood River, IL 62095",Wood River,Other Illinois,+1 866-670-1382,http://www.bassettlawoffice.com/
Farooqi & Husain Law Office,Farooqi & Husain Law Office,"2 Trans Am Plaza Dr STE 160, Oakbrook Terrace, IL 60181",Oakbrook Terrace,DuPage,+1 630-909-9114,https://www.farooqihusain.com/%3Futm_source%3Dgoogle%26utm_medium%3DOakbrook_Terrace_gmb%26utm_campaign%3Dgmb_website_button
Guilfoyle & Stevenson LLP,Guilfoyle & Stevenson LLP,"1316 Meriden St, Mendota, IL 61342",Mendota,Other Illinois,+1 815-539-6711,http://guilfoyleandstevenson.com/
"Bruckert, Behme & Long, P.C.","Bruckert, Behme & Long, P.C.","201 E Hanover St, New Baden, IL 62265",New Baden,Other Illinois,+1 618-900-9117,https://www.bblattorneys.com/%3Fnpcmp%3Ddir:local:3331359:62265
Lechner Paul,Lechner Paul,"16061 94th Ave, Orland Hills, IL 60487",Orland Hills,Cook,+1 708-460-6686,https://lechnerlaw.com/
Bernabei Balestri & Fiocchi,Bernabei Balestri & Fiocchi,"329 W Dakota St, Spring Valley, IL 61362",Spring Valley,Other Illinois,+1 815-664-2358,http://balestrilaw.com/
"Davis & Associates, Attorneys at Law","Davis & Associates, Attorneys at Law","134 N LaSalle St Suite 2145, Chicago, IL 60602",Chicago,Cook,+1 312-487-3731,https://www.chicagoprobateattorneys.net/%3Futm_source%3Dgoogle%26utm_medium%3Dmaps%26utm_campaign%3Dgmb_chicago
Clinton County Illinois Estate Planning Lawyer,Clinton County Illinois Estate Planning Lawyer,"553 9th St, Carlyle, IL 62231",Carlyle,Other Illinois,+1 618-594-4300,http://clintoncountylaw.com/home/contact-us/
Wilson & Wilson Law Offices,Wilson & Wilson Law Offices,"16335 S Harlem Ave Ste 421, Tinley Park, IL 60477",Tinley Park,Cook,+1 708-482-7090,https://www.lagrangelaw.com/
Law Offices of Glenn & West,Law Offices of Glenn & West,"320 W Central St, Nokomis, IL 62075",Nokomis,Other Illinois,+1 217-563-7777,https://glennwestlaw.com/locations/nokomis/
Dodd & Wambold,Dodd & Wambold,"723 Insight Ave Suite 100, O'Fallon, IL 62269",O'Fallon,Other Illinois,+1 618-235-6335,https://www.dodd-wambold.org/
Nowling Law,Nowling Law,"2560 Foxfield Rd Unit #350, St. Charles, IL 60174",St. Charles,Kane,+1 630-254-5004,https://nowlinglaw.com/
The Law Office of Kelley V. Flinn,The Law Office of Kelley V. Flinn,"310 S 1st St, St. Charles, IL 60174",St. Charles,Kane,+1 331-422-0632,https://www.kflinnlaw.com/
"LaCava Law Firm, LLC","LaCava Law Firm, LLC","25 N River Ln #100, Geneva, IL 60134",Geneva,Kane,+1 630-444-7504,https://www.lacavalawfirm.com/
Law Offices of Lauren E. Jackson,Law Offices of Lauren E. Jackson,"2250 Point Blvd #230, Elgin, IL 60123",Elgin,Kane,+1 847-714-2866,http://laurenjacksonlaw.com/
Tietz Law Firm,Tietz Law Firm,"2445 Dean St #1d, St. Charles, IL 60175",St. Charles,Kane,+1 630-587-5771,http://www.tietzlawfirm.com/
Dorjath Law Center,Dorjath Law Center,"106 W Wilson St #3, Batavia, IL 60510",Batavia,Kane,+1 630-761-3600,http://www.dorjathlawcenter.com/
"The Law Office of Anthony R. Scifo, P.C.","The Law Office of Anthony R. Scifo, P.C.","2155 Point Blvd #220, Elgin, IL 60123",Elgin,Kane,+1 847-628-8311,http://scifolaw.com/
Skaar Law Office PC,Skaar Law Office PC,"220 S 3rd St Second Floor, Geneva, IL 60134",Geneva,Kane,+1 630-232-6000,http://www.skaarlaw.com/
"Donat & Donat, P.C.","Donat & Donat, P.C.","355 1st St Ste. 1, Batavia, IL 60510",Batavia,Kane,+1 630-879-3370,http://donatlaw.com/
"Schening & Dopke Law, LLC","Schening & Dopke Law, LLC","107 S McLean Blvd c, South Elgin, IL 60177",South Elgin,Kane,+1 630-453-8884,https://www.scheningdopkelaw.com/
"Myers Law Office, P.C.","Myers Law Office, P.C.","22 S 4th St Ste. 1, Geneva, IL 60134",Geneva,Kane,+1 630-208-0300,http://www.ftm-law.com/
"PHM Law, LLC","PHM Law, LLC","4320 Winfield Rd Suite 200, Warrenville, IL 60555",Warrenville,DuPage,+1 630-716-6404,http://www.phmlawil.com/
"Karras Law, P. C.","Karras Law, P. C.","1144 E State St Suite A, #308, Geneva, IL 60134",Geneva,Kane,+1 630-480-6997,http://www.karraslawpc.com/
Monson Rose Law,Monson Rose Law,"150 E Highland Ave, Elgin, IL 60120",Elgin,Kane,+1 847-201-2345,https://monsonroselaw.com/
"Griffin Williams McMahon & Walsh, LLP","Griffin Williams McMahon & Walsh, LLP","21 N 4th St, Geneva, IL 60134",Geneva,Kane,+1 630-262-0544,http://www.gwmwlaw.com/
"Piercey & Associates, Ltd.","Piercey & Associates, Ltd.","1525 S Grove Ave Suite 204, Barrington, IL 60010",Barrington,Cook,+1 224-848-4646,http://pierceyassociates.com/
Catella Alvin L,Catella Alvin L,"801 E Main St, St. Charles, IL 60174",St. Charles,Kane,+1 630-584-1830,http://www.catellalaw.com/About/
"Law Office of Evan King, P.C.","Law Office of Evan King, P.C.","313 E State St, Sycamore, IL 60178",Sycamore,Other Illinois,+1 815-991-2039,http://evankinglaw.com/
The McCormick Law Firm LLC,The McCormick Law Firm LLC,"2100 Manchester Rd # 1440, Wheaton, IL 60187",Wheaton,DuPage,+1 630-517-8570,https://mccormickfirm.com/%3Futm_source%3Dgoogle%26utm_medium%3DWheaton_gmb%26utm_campaign%3Dgmb_website_button
"Stephanie L. Butler Law Office, LLC","Stephanie L. Butler Law Office, LLC","210 E North St suite b, Elburn, IL 60119",Elburn,Kane,+1 630-448-6520,http://www.slbutlerlaw.com/
"Nealis & Garrow, P.C.","Nealis & Garrow, P.C.","2S889 Red Oak Dr, Elburn, IL 60119",Elburn,Kane,+1 630-879-1213,http://www.nealisgarrow.com/
Rutter Family Law LLC,Rutter Family Law LLC,"324 W State St #103, Geneva, IL 60134",Geneva,Kane,+1 630-940-9107,https://www.rutterfamilylaw.com/
"Law Office of Vogel and Mourelatos, LLC","Law Office of Vogel and Mourelatos, LLC","303 W Main St, West Dundee, IL 60118",West Dundee,Kane,+1 847-908-5587,https://www.vomolaw.com/
"Spagnolo & Hoeksema, LLC","Spagnolo & Hoeksema, LLC","33 W Higgins Rd Suite 715, South Barrington, IL 60010",South Barrington,Cook,+1 847-519-1101,https://spagnolohoeksema.com/
"Casement Law Group, P.C.","Casement Law Group, P.C.","1595 Weld Rd STE 3, Elgin, IL 60123",Elgin,Kane,+1 847-888-9300,http://casement.net/%3Futm_source%3Dgoogle%26utm_medium%3Dlocal%26utm_campaign%3Dgmb_listing_elgin
"McNees & Associates, LLC","McNees & Associates, LLC","195 Hiawatha Dr, Carol Stream, IL 60188",Carol Stream,DuPage,+1 630-665-8811,http://www.mcneesassociates.com/
"Law Offices Of Leasa J. Baugher, Ltd.","Law Offices Of Leasa J. Baugher, Ltd.","725 IL-19 # B, Roselle, IL 60172",Roselle,DuPage,+1 630-529-2050,https://baugherlaw.com/
Palmer Law LLC,Palmer Law LLC,"2500 W Higgins Rd Suite 420, Hoffman Estates, IL 60169",Hoffman Estates,Cook,+1 224-456-9319,https://www.palmerlawllc.com/
Biosca Law,Biosca Law,"12519 Regency Pkwy Suite B, Huntley, IL 60142",Huntley,McHenry,+1 847-450-1345,https://bioscalaw.com/
"Argento Law Group, P.C","Argento Law Group, P.C","2175 Point Blvd #150, Elgin, IL 60123",Elgin,Kane,+1 847-628-8305,http://www.argentolaw.com/
Rowley Law,Rowley Law,"2300 Barrington Rd #400, Hoffman Estates, IL 60169",Hoffman Estates,Cook,+1 847-490-5330,http://www.rowleylawoffices.com/
"Self & Russelburg, Ltd.","Self & Russelburg, Ltd.","408 N Lake St, Aurora, IL 60506",Aurora,Kane,+1 630-897-5553,http://www.selfandrusselburg.com/
Bradley E Cahow Law Offices,Bradley E Cahow Law Offices,"1070 Larkin Ave # 2W, Elgin, IL 60123",Elgin,Kane,+1 847-697-8000,http://www.cahowelginattorney.com/
"Bochte, Kuzniar & Navigato, P.C.","Bochte, Kuzniar & Navigato, P.C.","1409, 2580 Foxfield Rd # 200, St. Charles, IL 60174",St. Charles,Kane,+1 630-377-7770,https://www.bknlaw.com/%3Futm_source%3Dgoogle%26utm_medium%3DSt_Charles_gmb%26utm_campaign%3Dgmb_website_button
"Thomas W. Gosselin, P.C.","Thomas W. Gosselin, P.C.","321 James St #201, Geneva, IL 60134",Geneva,Kane,+1 630-443-6000,http://www.twgpc.com/index.html
Canning Law Offices,Canning Law Offices,"40 N Airlite St # 3, Elgin, IL 60123",Elgin,Kane,+1 847-742-0420,https://www.canning-law.com/%3Futm_source%3Dgoogle%26utm_medium%3DElgin_gmb%26utm_campaign%3Dgmb_website_button
"Kollias & Conner, P.C.","Kollias & Conner, P.C.","1N141 County Farm Rd #200, Winfield, IL 60190",Winfield,DuPage,+1 630-912-8700,https://www.dupageattorneys.net/%3Futm_source%3Dgoogle%26utm_medium%3Dlocal
"Dalton & Herlehy, P.C.","Dalton & Herlehy, P.C.","482 Briargate Dr, South Elgin, IL 60177",South Elgin,Kane,+1 847-695-4100,http://www.dhlawoffice.com/
"Edlund|Ernest, PC","Edlund|Ernest, PC","275 Stonegate Rd Suite N, Algonquin, IL 60102",Algonquin,Kane,+1 847-825-7600,http://edlundernest.com/
Meyers & Flowers - St. Charles,Meyers & Flowers - St. Charles,"3 N 2nd St #300, St. Charles, IL 60174",St. Charles,Kane,+1 630-576-9696,https://www.meyers-flowers.com/%3Futm_source%3DGMBlisting%26utm_medium%3Dorganic%26utm_campaign%3Dgmbstcharles
Stacey M. Rhody Attorney at Law,Stacey M. Rhody Attorney at Law,"12545 Farm Hill Dr Ste 400, Huntley, IL 60142",Huntley,McHenry,+1 847-449-5415,https://srhodylaw.com/
"Rhonda L. Rosenthal, P.C.","Rhonda L. Rosenthal, P.C.","407 Congress Pkwy B, Crystal Lake, IL 60014",Crystal Lake,McHenry,+1 815-444-9791,https://rlrlawyer.com/%3Futm_source%3Dgoogle-local%26utm_medium%3Dorganic%26utm_campaign%3D4027
Scheflow & Rydell,Scheflow & Rydell,"1814 Grandstand Pl STE 3, Elgin, IL 60123",Elgin,Kane,+1 847-695-2800,http://www.scheflowrydell.com/
"Klein, Stoddard, Buck & Lewis, LLC","Klein, Stoddard, Buck & Lewis, LLC","2045 Aberdeen Ct # A, Sycamore, IL 60178",Sycamore,Other Illinois,+1 815-748-0380,http://kleinstoddard.com/
The Gil Law Group,The Gil Law Group,"118 Main St, West Chicago, IL 60185",West Chicago,DuPage,+1 630-906-0144,https://www.gillawgroup.com/
Bill Durrenberger,Bill Durrenberger,"330 Division Dr Ste N, Sugar Grove, IL 60554",Sugar Grove,Kane,+1 630-466-9085,http://durrenbergerlaw.com/
Polcyn Law LLC,Polcyn Law LLC,"1999 W Galena Blvd, Aurora, IL 60506",Aurora,Kane,+1 331-725-7558,https://www.polcynlaw.com/
Roberts PC,Roberts PC,"400 Knoll St STE A, Wheaton, IL 60187",Wheaton,DuPage,+1 630-668-4211,https://www.robertspc.com/%3Futm_source%3Dgoogle%26utm_medium%3DWheaton_gmb%26utm_campaign%3Dgmb_website_button
Earl Nelson Company Limited,Earl Nelson Company Limited,"309 Hamilton St STE B, Geneva, IL 60134",Geneva,Kane,+1 630-780-7424,http://www.earlnelsonlaw.com/
Morales Law Group,Morales Law Group,"574 N McLean Blvd, Elgin, IL 60123",Elgin,Kane,+1 847-695-2886,http://themoraleslawgroup.com/
"Loire Krajniak Law, LLC","Loire Krajniak Law, LLC","22 Crissey Ave STE 100, Geneva, IL 60134",Geneva,Kane,+1 630-448-2406,https://www.loirekrajniaklaw.com/
Reed Law LLC,Reed Law LLC,"167 E Chicago St, Elgin, IL 60120",Elgin,Kane,+1 847-742-5220,http://reedlawelgin.com/
JSB Law,JSB Law,"2000 S Batavia Ave Suite 420, Geneva, IL 60134",Geneva,Kane,+1 331-248-4330,https://jsblawllc.com/
Elder Law Center,Elder Law Center,"S, 140 Municipal Dr, Sugar Grove, IL 60554",Sugar Grove,Kane,+1 630-844-0065,http://www.elderlawpc.com/
Wagner Law,Wagner Law,"2112 W Galena Blvd # 8, Aurora, IL 60506",Aurora,Kane,+1 331-287-0835,https://www.lawwagner.us/
The Hollingsworth Law Firm,The Hollingsworth Law Firm,"1700 N Farnsworth Ave # 27, Aurora, IL 60505",Aurora,Kane,+1 630-701-1700,https://www.thehollingsworthlawfirm.com/
"Dreyer, Foote, Streit, Furgason & Slocum, P.A.","Dreyer, Foote, Streit, Furgason & Slocum, P.A.","1999 W Downer Pl, Aurora, IL 60506",Aurora,Kane,+1 630-934-2166,https://www.dreyerfoote.com/%3Fnpcmp%3Ddir:local:2327470:60506
"Botto Gilbert Lancaster, PC","Botto Gilbert Lancaster, PC","970 McHenry Ave, Crystal Lake, IL 60014",Crystal Lake,McHenry,+1 815-338-3838,https://www.bgsllaw.com/
"Gandhi Selim Law, P.C.","Gandhi Selim Law, P.C.","1635 W Wise Rd #10, Schaumburg, IL 60193",Schaumburg,Cook,+1 847-413-4455,https://www.gandhiselimlaw.com/
Krupp & Krupp,Krupp & Krupp,"3281 Commerce Dr B, DeKalb, IL 60115",DeKalb,Other Illinois,+1 815-758-5444,http://krupplawyer.com/
Jenz Law Office,Jenz Law Office,"124 S County Farm Rd C, Wheaton, IL 60187",Wheaton,DuPage,+1 630-202-8842,https://www.jenzlawoffice.com/%3Futm_source%3Dgoogle%26utm_medium%3DWheaton_gmb%26utm_campaign%3Dgmb_website_button
Law Office of Franklin J. Furlett,Law Office of Franklin J. Furlett,"335 W Wise Rd, Schaumburg, IL 60193",Schaumburg,Cook,+1 847-352-6226,http://www.furlettlaw.com/
"The Law Office of Chris Miller, LLC","The Law Office of Chris Miller, LLC","119 W Main St STE 101, West Dundee, IL 60118",West Dundee,Kane,+1 847-428-6107,http://chrismillerlawoffice.com/
Thomas Law Office,Thomas Law Office,"30 N Western Ave, Carpentersville, IL 60110",Carpentersville,Kane,+1 847-426-7990,https://www.cgtlaw.com/%3Futm_source%3DGMB%26utm_medium%3DCarpentersville%26utm_campaign%3Dgmb
Law Office of Donna M. Sandacz,Law Office of Donna M. Sandacz,"11021 Woodstock St Suite 200, Huntley, IL 60142",Huntley,McHenry,+1 847-669-7030,http://sandaczlaw.com/
John R Wienold & Associates Ltd,John R Wienold & Associates Ltd,"1 N Constitution Dr, Aurora, IL 60506",Aurora,Kane,+1 630-801-9111,https://jrwienoldassociates.com/
Zinke Law Firm,Zinke Law Firm,"570 N Schmale Rd, Carol Stream, IL 60188",Carol Stream,DuPage,+1 630-988-9300,http://www.zinkelawfirm.com/
Melei Petsche Spencer,Melei Petsche Spencer,"100 Illinois St Suite 200, St. Charles, IL 60174",St. Charles,Kane,+1 815-356-8000,https://mpsthelaw.com/
Kevin W. Wright,Kevin W. Wright,"611 S 8th St #882, West Dundee, IL 60118",West Dundee,Kane,+1 847-742-3393,http://www.kwwjd.com/
Peggy A Pratscher Ltd,Peggy A Pratscher Ltd,"2100 Manchester Rd, Wheaton, IL 60187",Wheaton,DuPage,+1 630-653-7507,http://www.pratscherlaw.com/
"Forte Law, Ltd.","Forte Law, Ltd.","711 W Main St, West Dundee, IL 60118",West Dundee,Kane,+1 847-428-9800,http://www.fortelawltd.com/
TMB Law,TMB Law,"124 S County Farm Rd, Wheaton, IL 60187",Wheaton,DuPage,+1 630-207-5391,https://timlawyer.net/contact/
Alschuler Simantz Hem LLC,Alschuler Simantz Hem LLC,"1961 Downer Pl, Aurora, IL 60506",Aurora,Kane,+1 630-892-7021,https://www.ashlaw.net/
The Law Offices of Rupp and Youman,The Law Offices of Rupp and Youman,"4306F W Crystal Lake Rd, McHenry, IL 60050",McHenry,McHenry,+1 815-385-7447,https://www.ruppyouman.com/%3Futm_source%3Dgoogle-local%26utm_medium%3Dorganic%26utm_campaign%3D3693
"Diamond Legal, P.C.","Diamond Legal, P.C.","3431 W Elm St A, McHenry, IL 60050",McHenry,McHenry,+1 815-649-1281,https://dlfirm.com/
Law Office of Patrick J. McAndrews,Law Office of Patrick J. McAndrews,"4318 W Crystal Lake Rd, McHenry, IL 60050",McHenry,McHenry,+1 815-385-0200,http://www.mcandrewslawfirm.com/
Law Offices of Roger W. Stelk,Law Offices of Roger W. Stelk,"1218 N Green St, McHenry, IL 60050",McHenry,McHenry,+1 815-240-2345,https://stelklaw.com/
"Campion Curran Law, P.C.","Campion Curran Law, P.C.","8600 US-14 Suite 107, Crystal Lake, IL 60012",Crystal Lake,McHenry,+1 815-560-8008,https://campioncurranlaw.com/
"Bear Law, LLC","Bear Law, LLC","2730 IL-120, McHenry, IL 60051",McHenry,McHenry,+1 815-354-1703,https://www.bearlaw.org/
"Law Office of Jenette M. Schwemler, PC","Law Office of Jenette M. Schwemler, PC","747 S Eastwood Dr Suite 107, Woodstock, IL 60098",Woodstock,McHenry,+1 815-245-4665,https://www.jms-attorney.com/
Prime Law Group,Prime Law Group,"747 S Eastwood Dr, Woodstock, IL 60098",Woodstock,McHenry,+1 815-338-2040,https://www.primelawgroup.com/
Law Office of David J. Wolf,Law Office of David J. Wolf,"244 N Throop St, Woodstock, IL 60098",Woodstock,McHenry,+1 815-338-5297,http://www.davidjwolflaw.com/
"Franks, Kelly, Matuszewich and Andrle, Attorneys at Law","Franks, Kelly, Matuszewich and Andrle, Attorneys at Law","1301 Pyott Rd #200, Lake in the Hills, IL 60156",Lake in the Hills,McHenry,+1 847-854-7700,http://www.fkmalaw.com/
"Richard R. Rodriguez, Divorce, Family Law","Richard R. Rodriguez, Divorce, Family Law","5404 W Elm St d, McHenry, IL 60050",McHenry,McHenry,+1 815-322-2262,http://www.rrrodriguezlaw.com/
Vaclavek Hartman Vaclavek,Vaclavek Hartman Vaclavek,"105 E Main St, Cary, IL 60013",Cary,McHenry,+1 815-507-8887,https://www.vhvlaw.com/
"Struck Law Group, LLC","Struck Law Group, LLC","24 Grant St, Crystal Lake, IL 60014",Crystal Lake,McHenry,+1 815-788-9900,http://www.strucklawgroup.com/
"Kaiser, Shepherd & Nakon, P.C. - Woodstock","Kaiser, Shepherd & Nakon, P.C. - Woodstock","2525 Harding Ln, Woodstock, IL 60098",Woodstock,McHenry,+1 815-893-9288,http://www.ksnfirm.com/
"Bruett, Reyes & Thornton LLC","Bruett, Reyes & Thornton LLC","600 Dakota St Ste F, Crystal Lake, IL 60012",Crystal Lake,McHenry,+1 779-220-9746,https://brtlawyer.com/
Law Office of Denise M. Kuzniewski,Law Office of Denise M. Kuzniewski,"3922 Main St, McHenry, IL 60050",McHenry,McHenry,+1 815-363-6060,http://www.kuzniewskilaw.com/
"Zukowski, Rogers, Flood & McArdle","Zukowski, Rogers, Flood & McArdle","50 N Virginia St, Crystal Lake, IL 60014",Crystal Lake,McHenry,+1 815-669-9859,http://www.zrfmlaw.com/
"Cowlin, Naughton, Curran, Cuda & Hanzel","Cowlin, Naughton, Curran, Cuda & Hanzel","101 E Van Buren St, Woodstock, IL 60098",Woodstock,McHenry,+1 815-338-1334,https://www.cncchlaw.com/%3Fnpcmp%3Ddir:local:5344335:60098
"Cowlin, Naughton, Curran, Cuda & Hanzel","Cowlin, Naughton, Curran, Cuda & Hanzel","20 Grant St, Crystal Lake, IL 60039",Crystal Lake,McHenry,+1 815-435-0626,https://www.cncchlaw.com/%3Fnpcmp%3Ddir:local:5343990:60039
Gottemoller & Associates,Gottemoller & Associates,"1 N Virginia St # A, Crystal Lake, IL 60014",Crystal Lake,McHenry,+1 815-459-5152,https://mchenrycountylaw.com/
English Steven G,English Steven G,"20 N Walkup Ave, Crystal Lake, IL 60014",Crystal Lake,McHenry,+1 815-477-4300,http://www.steveenglishlaw.com/
Law Office of Elizabeth J. Dalton,Law Office of Elizabeth J. Dalton,"8411 Pyott Rd Ste. 107, Lake in the Hills, IL 60156",Lake in the Hills,McHenry,+1 815-735-6042,http://www.elizabethdaltonlaw.com/
Somen Wilke Law LLC,Somen Wilke Law LLC,"145 S Virginia St Suite F, Crystal Lake, IL 60014",Crystal Lake,McHenry,+1 815-688-8222,http://www.somenwilkelaw.com/
Peter F Carroll,Peter F Carroll,"114 S Jefferson St, Woodstock, IL 60098",Woodstock,McHenry,+1 815-337-4259,http://www.peterfcarroll.com/
"Attorney at Law Robert E. Burke, Esq.","Attorney at Law Robert E. Burke, Esq.","1509 N Richmond Rd, McHenry, IL 60050",McHenry,McHenry,+1 815-344-4080,http://www.roberteburke.com/
"Dan Lyons Legal, LLC","Dan Lyons Legal, LLC","77 E Crystal Lake Ave #3, Crystal Lake, IL 60014",Crystal Lake,McHenry,+1 815-262-9682,http://www.danlyonslegal.com/
James D. Huls and Associates,James D. Huls and Associates,"530 Rockland Rd # 400, Crystal Lake, IL 60014",Crystal Lake,McHenry,+1 815-455-4755,http://jdhuls.com/
Marderosian Law LLC,Marderosian Law LLC,"111 North Ave Suite 207, Barrington, IL 60010",Barrington,Cook,+1 847-801-9529,http://mlawbusiness.com/
Johnson Jennifer L,Johnson Jennifer L,"40 Brink St # 101, Crystal Lake, IL 60014",Crystal Lake,McHenry,+1 815-459-8800,https://zcwlaw.com/the-firm/jennifer-l-johnson/
McKenna Storer,McKenna Storer,"1060 Lake Ave, Woodstock, IL 60098",Woodstock,McHenry,+1 815-334-9690,http://www.mckenna-law.com/
Law Office of Thomas C. O'Brien,Law Office of Thomas C. O'Brien,"950 Main St, Antioch, IL 60002",Antioch,Lake,+1 847-838-1100,http://tomobrienlaw.com/
"Kasper Law, PC","Kasper Law, PC","1301 Pyott Rd # 203, Lake in the Hills, IL 60156",Lake in the Hills,McHenry,+1 847-658-9100,http://www.kasperfamilylaw.com/
Daniel B Venturi Ltd,Daniel B Venturi Ltd,"146 Cedar Ave, Lake Villa, IL 60046",Lake Villa,Lake,+1 847-265-8822,http://www.venturilaw.com/
Lewis & Levinson Law Office,Lewis & Levinson Law Office,"2405 E Lake Shore Dr, Twin Lakes, WI 53181",Twin Lakes,Wisconsin,+1 262-877-2616,https://www.lewislevinsonlaw.com/
"Gretchen Neddenriep, LLC","Gretchen Neddenriep, LLC","501 N Riverside Dr Ste 205, Gurnee, IL 60031",Gurnee,Lake,+1 847-625-7830,http://neddenrieplaw.com/
Carl E Metz II,Carl E Metz II,"101 N Virginia St suite 150, Crystal Lake, IL 60014",Crystal Lake,McHenry,+1 815-459-2844,http://www.mgvlegal.com/
"Gehris & Associates, LLC","Gehris & Associates, LLC","820 E Terra Cotta Ave Suite 203, Crystal Lake, IL 60014",Crystal Lake,McHenry,+1 815-893-0020,http://www.gehrislaw.com/
"Kelleher + Holland, LLC","Kelleher + Holland, LLC","102 S Wynstone Park Dr, North Barrington, IL 60010",North Barrington,Cook,+1 847-382-9195,http://www.kelleherholland.com/
"Law Office of Carin Brio, P.C.","Law Office of Carin Brio, P.C.","840 S Northwest Hwy #116, Barrington, IL 60010",Barrington,Cook,+1 815-575-8019,https://briolaw.com/woodstock/
Hartnett Law,Hartnett Law,"78 N Williams St, Crystal Lake, IL 60014",Crystal Lake,McHenry,+1 815-455-5565,http://www.hartnettlaw.net/
"Arteaga Law, LLC","Arteaga Law, LLC","200 N Northwest Hwy Ste 201, Barrington, IL 60010",Barrington,Cook,+1 224-655-7179,http://arteaga.law/
"Law Office of Paula Rieghns, LTD.","Law Office of Paula Rieghns, LTD.","631 E Grant Hwy, Marengo, IL 60152",Marengo,McHenry,+1 815-901-2273,http://www.rieghnslaw.com/
Trademark Law Office of Michael Rada,Trademark Law Office of Michael Rada,"840 S Northwest Hwy, Barrington, IL 60010",Barrington,Cook,+1 224-655-5200,https://www.radalegal.com/
Mcandrews Law,Mcandrews Law,"4318 W Crystal Lake Rd # A, McHenry, IL 60050",McHenry,McHenry,+1 815-385-0200,https://www.mcandrewslawfirm.com/
GRAY & GRAY LLC,GRAY & GRAY LLC,"40 Brink St, Crystal Lake, IL 60014",Crystal Lake,McHenry,+1 815-893-0257,http://www.pgraylaw.com/
"Charles A. Dunlop & Associates, P.C.","Charles A. Dunlop & Associates, P.C.","820 E Terra Cotta Ave Suite 139, Crystal Lake, IL 60014",Crystal Lake,McHenry,+1 815-356-6000,http://dunloplawgroup.com/
"Deron R. Benson, Attorney at Law","Deron R. Benson, Attorney at Law","35 Burdent Dr Suite I, Crystal Lake, IL 60014",Crystal Lake,McHenry,+1 815-985-7476,http://www.deronbenson.com/
Salvi Salvi Wifler PC,Salvi Salvi Wifler PC,"335 Chancery Ln, Lake Zurich, IL 60047",Lake Zurich,Lake,+1 847-438-6153,https://www.salvisalviwifler.com/
"Kelleher + Holland, LLC","Kelleher + Holland, LLC","1927 Main St Rd, Spring Grove, IL 60081",Spring Grove,McHenry,+1 815-675-6712,https://kelleherholland.com/
"Rasmussen, David A","Rasmussen, David A","113 Kenosha St, Walworth, WI 53184",Walworth,Wisconsin,+1 262-275-5669,https://walworthcountylawyers.com/personnel/david-a-rasmussen/
Michling Plaza & Associates PC,Michling Plaza & Associates PC,"101 N Throop St, Woodstock, IL 60098",Woodstock,McHenry,+1 815-338-9600,https://www.michlingplaza.com/
Boehm & Boehm,Boehm & Boehm,"201 W Main St, Barrington, IL 60010",Barrington,Cook,+1 847-381-6857,https://boehmandboehmlaw.com/
Ellis Law Firm,Ellis Law Firm,"231 W Main St, Barrington, IL 60010",Barrington,Cook,+1 847-757-7999,http://www.maineellislawllc.com/
Evans Legacy Law Group,Evans Legacy Law Group,"1950 Innovation Wy Ste 120, Libertyville, IL 60048",Libertyville,Lake,+1 872-228-1572,https://www.evanslegacylaw.com/
"Tinkoff, Popko & Associates","Tinkoff, Popko & Associates","413 E Main St, Barrington, IL 60010",Barrington,Cook,+1 847-381-3201,https://tinkofflaw.com/
"James C. Provenza & Associates, PC","James C. Provenza & Associates, PC","1701 E Lake Ave # 260, Glenview, IL 60025",Glenview,Cook,+1 847-729-3939,http://www.provenzalaw.com/
Bonnie S Hannon Law Offices,Bonnie S Hannon Law Offices,"202 S Cook St, Barrington, IL 60010",Barrington,Cook,+1 847-382-7286,https://www.bhannonlaw.com/
"Capelli Law Office, SC","Capelli Law Office, SC","729 S Cogswell Dr, Silver Lake, WI 53170",Silver Lake,Wisconsin,+1 262-889-4400,http://www.capellilaw.com/